date,Afghanistan,Albania,Algeria,American Samoa,Andorra,Angola,Antigua and Barbuda,Argentina,Armenia,Aruba,Australia,Austria,Azerbaijan,"Bahamas, The",Bahrain,Bangladesh,Barbados,Belarus,Belgium,Belize,Benin,Bermuda,Bhutan,Bolivia,Bosnia and Herzegovina,Botswana,Brazil,British Virgin Islands,Brunei Darussalam,Bulgaria,Burkina Faso,Burundi,Cabo Verde,Cambodia,Cameroon,Canada,Cayman Islands,Central African Republic,Chad,Channel Islands,Chile,China,Colombia,Comoros,"Congo, Dem. Rep.","Congo, Rep.",Costa Rica,Cote d'Ivoire,Croatia,Cuba,Curacao,Cyprus,Czechia,Denmark,Djibouti,Dominica,Dominican Republic,Ecuador,"Egypt, Arab Rep.",El Salvador,Equatorial Guinea,Eritrea,Estonia,Eswatini,Ethiopia,Faroe Islands,Fiji,Finland,France,French Polynesia,Gabon,"Gambia, The",Georgia,Germany,Ghana,Gibraltar,Greece,Greenland,Grenada,Guam,Guatemala,Guinea,Guinea-Bissau,Guyana,Haiti,Honduras,"Hong Kong SAR, China",Hungary,Iceland,India,Indonesia,"Iran, Islamic Rep.",Iraq,Ireland,Isle of Man,Israel,Italy,Jamaica,Japan,Jordan,Kazakhstan,Kenya,Kiribati,"Korea, Dem. People's Rep.","Korea, Rep.",Kosovo,Kuwait,Kyrgyz Republic,Lao PDR,Latvia,Lebanon,Lesotho,Liberia,Libya,Liechtenstein,Lithuania,Luxembourg,"Macao SAR, China",Madagascar,Malawi,Malaysia,Maldives,Mali,Malta,Marshall Islands,Mauritania,Mauritius,Mexico,"Micronesia, Fed. Sts.",Moldova,Monaco,Mongolia,Montenegro,Morocco,Mozambique,Myanmar,Namibia,Nauru,Nepal,Netherlands,New Caledonia,New Zealand,Nicaragua,Niger,Nigeria,North Macedonia,Northern Mariana Islands,Norway,Oman,Pakistan,Palau,Panama,Papua New Guinea,Paraguay,Peru,Philippines,Poland,Portugal,Puerto Rico,Qatar,Romania,Russian Federation,Rwanda,Samoa,San Marino,Sao Tome and Principe,Saudi Arabia,Senegal,Serbia,Seychelles,Sierra Leone,Singapore,Sint Maarten (Dutch part),Slovak Republic,Slovenia,Solomon Islands,Somalia,South Africa,South Sudan,Spain,Sri Lanka,St. Kitts and Nevis,St. Lucia,St. Martin (French part),St. Vincent and the Grenadines,Sudan,Suriname,Sweden,Switzerland,Syrian Arab Republic,Tajikistan,Tanzania,Thailand,Timor-Leste,Togo,Tonga,Trinidad and Tobago,Tunisia,Turkiye,Turkmenistan,Turks and Caicos Islands,Tuvalu,Uganda,Ukraine,United Arab Emirates,United Kingdom,United States,Uruguay,Uzbekistan,Vanuatu,"Venezuela, RB",Vietnam,Virgin Islands (U.S.),West Bank and Gaza,"Yemen, Rep.",Zambia,Zimbabwe
1960,357.3,,240.8,,,,86.3,,,,24.8,42.9,,,197.7,262.0,84.5,,33.8,,309.2,,,290.7,,166.4,169.6,83.6,122.5,55.4,346.0,,181.8,,278.6,32.6,,278.2,,,157.1,,134.9,,,193.8,96.0,318.3,,54.0,,,,25.0,,138.4,147.2,174.7,317.8,184.8,,,,208.9,,,78.7,26.8,28.5,,223.2,361.8,,,208.3,,46.0,,101.5,,221.9,349.5,,92.0,290.4,208.6,,54.1,21.5,242.8,223.9,,190.6,35.3,,42.0,52.0,82.2,39.7,155.2,,197.2,199.2,,111.9,,141.9,,,,75.3,185.9,312.8,277.1,,,37.7,,,,94.2,,,40.3,121.3,252.7,105.7,155.2,125.7,,,,,241.7,,,,,324.7,20.8,,27.9,197.3,,,,,22.6,370.2,251.9,,92.0,197.7,82.2,228.1,102.1,65.3,114.4,,,86.9,,220.5,107.1,,,,295.6,,104.6,390.2,47.7,,,,171.0,,,353.1,54.7,93.9,,164.1,,174.7,177.4,,19.6,26.5,169.6,,241.8,146.5,,261.3,,67.7,,257.2,,137.5,169.8,222.7,,201.6,26.6,30.1,63.5,,151.5,79.5,,,,429.1,204.5,151.1
1961,351.7,,240.8,,,,80.4,,,,24.3,40.2,,,181.1,256.0,78.4,,32.4,,304.4,,,284.4,,161.0,165.2,79.0,110.1,49.0,342.2,,179.7,,272.5,31.5,,273.2,,,148.5,,130.5,,,186.2,93.3,310.4,,52.1,,,,24.4,,125.9,146.1,169.5,307.8,180.9,,,,205.5,,,75.1,25.2,27.0,,216.6,354.6,,,206.1,,45.2,,93.4,,216.4,347.3,,88.2,285.8,201.5,,51.2,21.1,239.3,217.7,,179.9,33.8,,39.6,49.9,78.8,36.2,146.3,,189.1,194.3,,106.5,,132.4,,,,72.8,185.3,313.6,259.3,,,35.7,,,361.5,88.0,,,38.2,115.5,246.0,99.3,148.8,120.4,,,,,236.9,,,,,320.8,20.3,,26.9,195.4,,,,,22.1,353.9,242.9,,89.2,191.7,81.5,221.8,99.0,60.4,110.3,,,79.7,,215.8,102.9,,,,295.6,,103.2,384.5,43.7,,,,163.3,,,350.4,52.0,89.7,,156.1,,163.6,174.5,,19.2,26.0,161.1,,240.2,141.5,,258.6,,65.3,,249.2,,128.0,162.1,218.7,,191.1,26.1,29.5,62.2,,147.3,76.9,,,,421.9,200.7,147.0
1962,345.8,,241.4,,,,74.0,,,,23.7,37.9,,,165.8,250.2,73.2,,31.1,,299.4,,,278.1,,156.3,160.8,74.3,98.3,44.2,338.3,,177.4,,267.6,30.5,,268.0,,,141.9,,126.2,,,179.3,92.5,302.5,,50.2,,,,23.8,,114.5,144.5,164.7,297.7,177.1,,,,202.1,,,71.8,23.8,25.7,,210.0,347.2,,,204.5,,44.0,,85.6,,211.1,344.8,,85.0,281.3,194.9,,49.1,20.7,236.1,211.8,,169.8,32.5,,37.3,47.6,75.5,32.9,138.0,,182.1,188.7,,101.8,,123.2,,,,70.5,185.7,313.3,242.5,,,33.8,,,360.6,82.2,335.5,,36.7,110.0,239.4,91.8,143.0,115.4,,,,,232.1,,,,,316.1,19.7,,25.8,193.6,,,,,21.5,338.5,234.5,,86.5,185.8,81.0,215.2,96.4,56.1,104.8,,,70.5,,212.4,99.0,,,,296.1,,101.6,378.8,40.4,,,,155.7,,,347.1,49.4,86.9,,147.0,,150.0,171.8,,18.6,25.4,153.8,,238.3,136.5,,255.8,,63.2,272.3,241.1,,119.0,154.9,215.3,,181.1,25.6,28.9,60.7,,142.7,74.7,,,,414.9,197.3,142.9
1963,340.2,,242.3,,,,67.4,,,,23.2,35.9,,,151.4,245.1,68.7,,30.0,,294.3,,,272.0,,151.9,156.7,69.6,88.0,40.7,334.8,,175.0,,263.1,29.4,,262.9,,,135.6,,122.3,,,172.8,92.5,294.8,,48.3,,,,23.0,,104.2,142.6,160.3,287.6,173.5,,,,198.3,,,68.7,22.5,24.5,,203.7,340.4,,,203.4,,42.4,,78.5,,205.9,342.2,,82.2,276.9,188.4,,47.6,20.3,233.2,206.0,,160.6,31.3,,35.4,45.3,72.6,29.8,130.1,,176.2,182.8,,96.9,,114.6,,,,68.4,186.8,312.4,226.5,,,32.0,,,359.1,77.1,326.2,425.4,35.7,105.0,232.8,85.9,137.4,110.5,,,,,226.9,268.8,,,,310.7,19.2,,24.7,191.7,,,,,21.0,323.4,226.6,,83.8,179.9,80.5,208.1,94.1,52.4,97.9,,,61.1,,210.4,95.6,,,,296.9,,100.0,372.8,38.0,,,,148.4,,,344.0,46.8,84.8,,137.4,,135.3,169.2,,17.9,24.5,147.1,,236.3,131.6,,252.9,78.8,61.2,259.6,233.2,,110.5,147.9,212.1,,170.8,24.9,28.3,59.3,,138.2,72.8,,,,407.8,194.4,138.7
1964,334.8,,243.4,,,,60.8,,,,22.7,34.2,,,138.0,240.5,64.6,,28.9,,289.1,,,266.0,,147.9,152.8,65.0,79.5,38.5,331.5,241.2,172.3,,258.3,28.2,,257.5,,,126.9,,118.5,,,166.6,92.0,287.4,,46.4,,,,22.1,,94.9,140.3,156.1,278.6,170.0,,,,194.5,,,65.8,21.3,23.4,,197.4,333.8,,,202.6,,40.9,,72.5,,200.9,339.5,,79.9,272.3,182.0,,46.2,19.8,230.4,200.3,,152.1,30.0,,33.6,43.1,69.8,27.0,122.9,,171.1,176.4,,92.0,,106.5,,,,66.5,187.9,310.7,211.4,,,30.3,,,357.4,72.6,316.9,417.9,34.8,100.3,226.3,84.2,132.4,105.9,,,,,221.7,270.2,,,,304.5,18.8,,23.8,189.6,,325.2,,,20.4,309.4,219.4,,81.2,174.3,80.1,201.0,92.2,48.9,90.9,,,54.3,,209.5,111.3,,,,297.6,,97.9,366.8,36.4,,,,141.4,,,340.8,44.5,82.9,,127.4,,121.0,166.8,,17.1,23.6,140.8,,234.0,126.8,,249.6,73.8,59.4,247.4,225.4,,102.5,141.2,208.7,,160.4,24.2,27.7,58.3,,133.3,71.2,87.2,,,399.4,191.9,134.6
1965,329.4,,244.3,,,,54.5,,,,22.4,32.7,,,125.4,236.6,61.1,,27.9,,283.9,,,259.9,,144.3,149.2,60.6,72.9,37.4,328.7,243.3,169.1,,252.7,27.1,,251.7,,,115.4,,114.9,,,160.9,90.2,280.0,,44.6,,,,21.1,,86.4,137.8,152.4,270.5,166.6,,,,190.5,,,63.2,20.2,22.3,,191.4,327.2,,,202.2,,39.6,,67.8,,195.9,337.0,,78.2,268.0,175.7,,44.6,19.2,227.8,229.0,,144.3,28.6,,32.2,41.1,67.2,24.6,116.3,,166.9,170.0,,86.9,,98.9,,,,64.9,188.6,308.3,196.9,,,28.8,,,355.8,68.6,307.3,410.8,33.9,96.2,219.6,87.2,127.5,101.5,,,,,216.2,271.6,,,,298.2,18.3,,23.1,187.1,,318.3,,,19.7,295.7,212.9,96.5,78.7,168.6,79.8,194.1,90.3,45.7,84.8,,,53.1,,209.4,89.2,,95.7,,297.7,,95.5,360.9,35.1,,,,134.3,,,338.1,42.3,80.8,,117.4,,108.2,164.7,,16.3,22.6,134.9,,231.5,122.2,,246.3,69.2,57.7,235.4,218.1,,94.8,134.8,205.4,,149.7,23.4,27.1,57.7,,128.7,69.8,86.3,,,390.2,190.0,130.6
1966,323.9,,245.0,,,,48.6,,,,22.1,31.5,,,114.0,233.5,58.0,,27.0,,278.9,,,253.8,,140.8,145.8,56.6,68.0,37.1,325.8,245.1,165.3,,246.1,26.0,,246.3,,,103.8,,111.4,,,155.4,87.7,272.9,,42.9,,,,20.0,,78.7,135.0,148.8,263.5,163.1,,,,186.6,247.9,,61.1,19.2,21.4,,185.5,320.8,,,202.2,,38.5,,64.3,,191.0,333.9,,76.8,263.3,169.6,,43.2,18.5,225.3,188.7,,137.2,27.1,,31.2,39.3,64.8,22.7,110.2,,163.3,163.6,,81.7,,91.9,,,,63.6,188.6,305.4,183.2,,,27.4,,,354.5,65.2,298.1,404.0,32.9,92.3,212.7,91.9,123.0,97.3,,,,,210.7,273.2,,,,291.4,17.9,,22.5,184.5,,311.5,,,19.0,282.0,207.3,93.1,76.3,163.2,79.4,187.4,88.6,42.8,80.3,,,57.9,,210.1,85.9,,92.7,,297.4,,92.6,355.2,33.6,,,,127.4,,,335.4,40.3,78.2,,107.7,,97.4,162.7,,15.6,21.6,128.8,,228.4,117.5,,242.6,64.9,56.3,223.8,211.2,,87.7,128.6,202.0,,138.9,22.8,26.4,57.4,,123.9,68.4,85.7,,,379.7,188.8,126.9
1967,318.4,,245.3,,,,43.3,,,,22.0,30.5,,,103.3,231.2,55.3,,26.2,110.5,273.9,,,247.6,,136.9,142.6,53.0,64.0,36.7,323.2,246.7,161.1,,238.2,25.0,,240.4,,,94.0,,108.0,,,150.1,84.9,265.8,,41.2,,,,19.0,,71.7,132.2,145.8,258.0,159.9,,,,182.6,247.2,,59.4,18.4,20.6,,179.8,314.3,,,202.6,,37.4,,61.6,,185.9,331.1,,75.6,258.5,163.6,,42.0,17.9,222.7,183.0,,130.4,25.5,,30.3,37.8,62.5,21.0,104.4,,160.1,157.3,,76.4,,85.7,,,,62.6,187.5,301.5,170.4,,27.2,26.1,,,352.7,62.4,288.1,397.1,31.8,88.6,205.7,94.5,118.7,93.1,,,,,205.0,274.5,,95.2,,284.7,17.4,,22.0,181.8,318.0,304.8,,,18.2,268.7,202.3,90.3,73.9,157.9,79.0,181.1,86.9,40.4,77.2,,,64.0,,211.9,82.6,,90.1,,296.4,,89.1,349.4,31.8,,,,120.3,,,332.5,38.3,75.5,,98.4,,88.7,161.0,,14.9,20.7,122.8,,225.2,112.9,,238.7,60.6,55.0,212.3,204.7,,80.9,122.6,198.9,,128.1,22.2,25.7,56.9,,119.1,67.1,85.0,,,368.1,187.9,123.6
1968,312.8,,244.6,,,,38.8,,,,21.9,29.7,,29.4,93.5,229.6,52.8,,25.5,106.1,269.2,,290.5,241.6,,132.8,139.4,49.8,60.7,35.6,320.7,248.4,156.5,,229.6,24.0,,235.0,,,86.7,,104.6,,,145.2,81.9,258.6,,39.5,,,,18.1,,65.4,129.4,142.8,253.5,156.7,,,,178.4,246.7,,58.1,17.6,19.9,,174.4,307.7,,27.1,202.9,,36.0,,59.4,,180.9,327.9,,74.9,253.6,157.6,,40.9,17.2,220.2,177.2,,124.3,24.1,,29.6,36.4,60.2,19.6,99.1,,157.0,151.5,,71.1,,80.0,,,,61.7,185.2,297.2,158.1,,26.3,24.8,,145.9,350.5,59.9,278.7,390.7,30.5,85.0,199.3,93.7,114.6,89.2,,,,,199.7,274.8,182.0,95.5,,278.1,16.9,,21.6,178.7,322.2,298.0,,,17.5,255.2,198.1,87.4,71.5,152.6,78.7,175.4,85.5,38.8,75.0,,,65.5,,214.8,79.2,,87.9,,294.5,,85.0,343.5,30.0,,,,113.2,,,329.3,36.1,73.1,,89.6,,82.0,159.5,,14.4,19.9,116.6,,222.2,108.2,,234.5,56.6,53.8,201.1,198.6,,74.6,117.0,196.0,,117.6,21.8,24.9,56.2,,114.3,65.8,84.3,,,355.8,186.6,120.5
1969,307.2,,242.6,,,,34.9,72.4,,,21.7,29.3,,29.9,84.4,228.6,50.3,,24.8,101.6,264.6,,281.2,235.4,,128.4,136.0,47.0,57.5,33.9,318.3,249.8,151.1,,220.7,23.0,,229.7,,,82.1,118.8,101.1,,250.7,140.7,78.5,251.6,,37.8,,,,17.4,,59.7,126.5,139.9,249.7,153.4,,,,174.1,246.7,,57.2,16.8,19.1,,169.0,301.3,,26.4,203.0,,33.8,,57.7,,175.8,325.0,,74.2,248.6,151.8,,39.8,16.6,217.5,171.6,,118.6,23.0,,29.1,35.1,58.0,18.5,94.2,,153.8,145.9,,66.0,,74.9,,,,61.1,182.2,292.1,146.7,,24.9,23.6,,147.7,347.9,57.6,269.1,384.4,29.2,81.6,194.2,89.5,110.6,85.6,,,,,194.7,275.1,178.7,95.9,,271.9,16.4,,21.2,175.2,326.5,291.0,,,16.9,242.1,194.1,84.1,68.9,147.6,78.2,170.1,84.2,37.6,72.7,,71.3,61.8,,218.3,75.7,,86.6,,292.1,,80.4,337.9,28.4,,,,106.0,,,326.3,33.9,71.4,,81.5,,77.4,158.1,,13.9,19.2,110.4,,219.0,103.5,,230.1,52.8,52.7,190.4,192.7,,68.8,111.5,193.7,,107.5,21.4,24.1,55.2,,109.7,64.3,83.6,,,343.2,184.5,118.2
1970,301.9,,239.2,,,,31.7,71.7,,,21.5,29.0,,30.4,76.2,273.1,47.9,,24.0,97.5,260.0,,272.5,229.1,,123.7,132.6,44.7,54.0,32.3,315.5,250.6,145.2,,212.2,22.0,,224.6,,,79.9,112.8,97.5,231.7,247.4,136.5,74.8,244.4,,36.1,,,,16.6,,54.5,123.5,137.0,246.3,150.0,,,,169.7,246.3,,56.6,16.1,18.2,,163.9,294.6,,25.6,202.6,,31.1,,56.1,,170.7,321.7,,73.8,243.5,146.0,,38.6,16.0,214.5,166.0,,113.1,22.2,,28.6,33.6,55.9,17.5,89.5,,150.5,140.8,,61.3,,70.2,,,,60.5,178.7,287.2,136.0,,23.1,22.3,,149.5,344.4,55.4,259.1,378.3,27.9,78.5,190.9,83.4,106.6,82.2,,,,,190.1,275.2,175.2,96.4,,265.8,15.8,,20.8,171.6,330.9,283.7,,,16.2,229.3,190.5,80.6,66.2,142.8,77.6,194.5,83.3,36.1,68.8,,66.5,56.0,38.1,221.7,72.2,,86.0,,288.3,,75.5,332.5,27.1,,,,99.0,,,323.5,31.6,70.1,,74.0,,74.7,157.0,,13.4,18.4,104.5,,215.6,98.9,,225.6,49.4,51.6,180.2,187.0,,63.3,106.1,192.3,,97.9,21.0,23.2,54.0,,105.3,62.7,82.8,,,330.7,180.8,116.5
1971,296.4,,234.1,,,,29.0,70.9,,,21.0,28.7,,30.9,68.8,373.2,45.5,,23.1,93.5,255.4,,264.4,222.7,,119.2,129.4,42.7,50.1,31.1,312.2,250.9,138.7,,204.9,20.9,,219.8,,,78.8,107.1,93.9,225.7,244.2,132.6,70.1,236.9,,34.5,,38.2,,15.8,,49.8,120.1,133.5,242.6,146.7,,,,164.8,246.0,,56.3,15.4,17.4,,158.9,288.2,,24.9,201.3,,28.9,,54.5,,165.6,318.5,,73.5,238.5,140.4,,38.0,15.4,211.4,160.6,188.8,108.0,21.7,,28.1,31.9,53.7,16.5,85.1,85.2,147.0,136.2,,57.1,,65.9,,,,60.1,174.8,282.3,126.1,,21.4,21.1,,151.4,339.6,53.0,248.4,372.0,26.5,75.5,189.3,78.9,102.8,79.1,64.5,,,,185.9,274.7,171.8,97.0,,260.0,15.3,,20.3,167.2,335.3,276.0,,,15.6,216.6,187.2,76.8,63.3,138.2,76.9,160.4,82.7,34.3,63.4,,62.0,50.7,36.5,224.6,68.8,,86.0,,283.4,,70.5,327.4,25.7,,,,92.3,,,320.6,29.3,69.3,71.5,67.3,,73.7,156.1,,12.9,17.6,98.9,,212.2,94.3,,220.9,46.3,50.6,170.5,181.3,,58.3,100.6,191.9,32.0,88.8,20.6,22.4,53.2,,101.0,60.9,82.0,,,318.4,175.9,115.3
1972,290.7,,228.0,,,,26.8,69.7,,,20.3,28.1,,31.3,62.2,227.5,43.1,,22.0,89.6,250.8,,256.2,216.3,,114.5,126.0,40.9,45.9,30.2,307.5,316.3,132.1,,199.1,19.9,,215.4,252.8,,77.8,101.4,90.1,219.9,240.7,129.1,64.6,229.0,,32.9,,35.4,,14.9,,45.6,116.5,129.6,238.1,143.2,,,,159.6,245.5,,56.0,14.6,16.6,,154.1,281.7,,24.0,199.1,,27.9,,52.9,,160.5,315.4,,73.4,233.3,134.9,,38.3,14.8,208.1,155.4,179.7,103.2,21.4,,27.7,29.8,51.6,15.7,81.0,83.2,143.3,132.2,,53.6,,61.9,,,,59.7,170.7,277.6,117.1,,20.8,19.9,,153.5,333.2,50.5,237.2,365.6,25.2,73.0,189.0,78.0,99.1,76.0,62.7,,,,181.8,274.0,168.4,97.6,,254.5,14.7,,19.9,186.3,339.1,267.7,,,15.0,204.2,184.1,73.0,60.4,133.8,76.1,155.6,82.3,32.4,57.5,,57.9,46.8,34.9,228.0,65.5,,86.4,159.6,277.3,,65.5,322.3,24.1,,,,86.0,,,316.8,27.2,68.5,68.6,61.3,,73.9,155.3,,12.3,16.7,93.7,155.2,208.7,89.8,,216.2,43.5,49.5,161.1,175.6,,53.5,95.3,192.7,31.0,80.4,20.0,21.5,53.3,,96.9,59.0,81.0,,,306.8,170.0,114.4
1973,285.2,,220.8,,,,25.0,68.2,,,19.4,26.9,,31.5,56.4,226.9,40.8,,20.8,85.9,246.0,,247.9,209.9,,110.1,122.6,39.4,41.7,29.5,301.2,251.2,125.4,,194.8,18.9,,211.0,251.4,,75.5,95.9,86.2,214.3,237.0,125.7,58.3,220.7,,31.4,,33.0,,13.9,,41.8,112.7,125.1,232.5,139.4,,,,154.0,245.2,,55.7,13.9,15.9,,149.4,275.0,,23.1,195.8,,27.6,,51.3,,155.5,311.9,,73.2,227.8,129.5,,38.7,14.2,204.4,150.4,171.0,98.6,21.1,,27.2,27.6,49.7,14.8,77.2,81.2,139.5,129.1,,50.6,,58.2,,,,59.2,166.4,272.9,108.9,,21.3,18.7,,155.8,325.4,47.8,225.5,358.5,23.9,71.1,189.3,78.2,95.4,73.3,60.8,,,,177.7,272.9,164.8,98.2,,249.1,14.1,,19.4,157.3,342.1,259.4,,,14.3,192.2,181.3,68.7,57.5,129.5,75.2,150.9,82.1,30.5,52.4,,54.1,44.9,33.5,233.1,62.4,,87.2,149.1,270.2,,60.6,317.4,22.1,,,,80.1,,,313.6,25.2,67.5,65.9,55.9,,74.8,154.4,,11.6,15.7,88.9,150.1,204.8,85.5,,211.4,41.1,48.4,152.1,169.9,,49.2,90.0,194.5,30.1,72.8,19.4,20.6,54.1,,93.0,57.1,79.9,,,295.7,164.5,114.0
1974,279.6,,212.6,,,,23.5,66.2,,,18.4,25.2,,31.6,51.4,225.6,38.6,,19.6,82.4,241.1,,239.7,203.4,,105.3,119.3,38.1,37.6,29.0,293.5,251.1,118.6,,192.2,17.9,,207.2,249.8,,71.1,90.3,82.2,208.8,233.4,122.7,51.7,212.0,,29.9,,30.5,,13.1,,38.4,108.7,120.1,225.3,135.3,,216.2,,148.2,244.8,,55.1,13.1,15.4,,144.7,268.5,,22.0,191.6,,27.3,,49.6,,150.5,308.4,,73.0,222.4,148.9,,37.9,13.5,200.3,145.6,162.3,94.2,20.6,,26.5,25.3,47.8,14.0,73.5,79.4,135.6,126.7,,48.1,,54.6,,,,58.6,161.7,267.9,101.6,,22.3,17.7,,158.3,316.6,45.0,213.4,350.9,22.6,69.4,189.2,74.6,91.8,70.8,59.1,,,,173.1,272.0,161.2,99.0,,243.7,13.6,,18.9,151.3,343.2,251.1,,,13.6,180.1,178.5,64.6,54.9,125.5,74.1,146.4,82.1,29.0,47.9,,50.7,44.0,32.2,239.5,59.4,,87.8,139.6,261.9,,55.7,312.5,19.6,,,,74.7,,128.6,309.6,23.3,66.1,63.4,51.1,,75.5,153.4,,11.0,14.8,84.3,145.2,200.9,81.4,,206.7,38.9,47.2,143.0,164.1,,45.1,84.8,197.6,29.3,65.9,18.7,19.7,54.9,,89.3,55.3,78.7,,,284.6,159.6,114.1
1975,274.0,,203.7,,,,22.1,63.4,,,17.3,23.1,,31.5,47.0,223.8,36.4,,18.5,79.2,236.0,,232.1,197.0,,99.9,115.8,36.9,33.8,28.6,284.4,250.6,112.2,311.4,190.7,16.9,,203.5,248.4,,64.3,84.8,78.1,203.3,229.6,119.8,45.3,203.4,,28.4,,27.8,,12.3,,35.4,104.7,114.8,216.7,130.9,,211.5,,142.2,244.2,,54.1,12.3,15.0,,140.3,261.8,71.1,20.8,186.7,,26.4,,47.8,,145.6,304.4,,72.8,216.8,119.0,,35.4,12.9,195.9,141.0,153.5,90.0,20.0,,25.3,23.1,46.0,13.3,70.0,77.9,131.4,125.0,,45.9,,51.2,112.6,,,57.7,156.2,263.1,94.9,,22.8,16.7,,160.8,307.2,42.2,201.3,342.9,21.4,68.3,187.7,65.9,88.3,68.6,57.3,,,,167.8,270.7,157.6,99.8,,238.2,13.1,,18.3,144.7,342.2,243.0,,,12.9,168.2,176.0,60.8,52.5,121.6,72.9,142.1,82.0,27.8,43.6,,47.7,42.8,31.1,245.9,56.5,,88.4,130.6,252.5,,50.9,308.1,17.2,,,,77.8,,122.2,306.1,21.7,64.0,61.1,46.9,,74.8,152.5,,10.3,13.8,80.0,140.7,196.7,77.4,,202.0,37.0,45.9,134.1,158.1,,41.4,80.1,201.4,28.7,59.6,18.0,18.8,55.2,,85.6,53.6,77.4,,107.5,273.0,156.2,114.4
1976,268.3,,194.1,,,,20.8,59.9,86.9,,16.2,21.0,,31.2,43.2,221.3,34.3,,17.6,76.1,230.9,,224.4,190.8,,93.9,112.3,35.7,30.4,28.0,274.3,249.2,106.3,286.3,189.7,16.0,,200.0,246.9,,56.5,79.5,74.0,197.6,225.9,117.1,39.3,195.0,,27.0,,24.8,,11.6,172.7,32.6,100.8,109.5,207.3,126.3,,207.0,,136.4,243.8,,52.8,11.4,14.5,,135.8,255.1,68.6,19.6,181.4,,25.2,,46.0,,161.8,300.3,,72.4,211.4,113.9,,32.2,12.2,190.9,136.6,144.3,86.0,19.1,,23.7,21.1,44.4,12.5,66.7,76.6,127.1,123.7,,44.1,,47.9,110.5,,,56.7,150.0,258.7,89.0,,22.7,15.8,,163.1,297.5,39.6,189.9,334.5,20.3,67.4,185.0,56.6,84.8,66.6,55.7,,,,161.8,269.6,154.1,100.7,,232.6,12.6,,17.7,137.5,339.4,235.4,,,12.2,156.1,173.7,57.1,50.4,118.0,71.6,138.3,81.9,27.0,39.4,,44.9,40.7,30.2,250.5,53.7,,88.8,122.3,242.0,,46.1,303.5,15.7,,,,65.5,,116.2,302.3,20.2,61.1,59.0,43.3,,72.5,151.4,,9.8,12.9,75.8,137.2,192.1,73.7,,197.3,35.3,44.6,125.3,152.1,,38.0,75.9,205.8,28.1,53.8,17.2,17.9,54.4,,82.0,51.7,75.9,,101.2,260.8,154.6,114.7
1977,262.4,,184.3,,,,19.5,55.7,83.4,,15.2,19.4,,30.8,39.9,218.1,32.3,,16.7,73.2,226.0,,216.5,184.7,,88.0,108.7,34.5,27.4,27.2,264.2,246.2,101.0,261.4,188.3,15.1,,196.8,245.4,,48.8,74.5,69.8,192.1,222.3,114.4,33.9,187.2,,25.7,,22.2,,11.1,167.9,30.2,97.1,104.7,197.5,121.4,,203.0,,130.4,243.2,,51.0,10.6,13.9,,131.5,248.5,66.1,18.3,176.5,,23.8,,44.0,,136.1,295.8,,72.0,206.1,109.0,,29.4,11.5,185.6,132.5,135.0,82.3,18.0,,21.9,19.5,42.8,11.8,63.5,75.3,122.8,122.7,,42.2,,44.8,108.4,,,55.5,143.5,254.4,83.8,,22.2,15.0,,165.1,287.7,37.1,179.1,326.2,19.2,66.7,181.0,49.8,81.4,64.8,54.1,,,,155.3,268.6,150.6,101.4,,226.8,12.1,,17.1,130.2,334.9,228.4,,,11.5,144.4,171.4,53.6,48.6,114.7,70.1,135.0,81.6,26.3,35.6,,42.4,38.7,29.4,250.9,51.1,,89.3,114.3,231.4,,41.7,299.2,15.2,,,,61.6,,110.3,299.0,18.7,57.7,57.0,40.1,,68.6,150.3,,9.4,12.1,71.6,134.3,187.8,70.2,,192.8,33.7,43.3,116.9,146.0,133.1,34.9,72.1,210.4,27.6,48.5,16.4,17.1,52.1,,78.3,49.9,74.3,,95.2,248.2,154.3,114.8
1978,256.4,96.4,173.8,,,,18.3,51.2,80.0,,14.4,18.1,,30.4,37.0,214.3,30.4,,15.9,70.3,221.2,,208.7,179.0,,82.6,104.7,33.3,24.8,26.1,255.0,240.7,96.5,234.2,186.2,14.2,,193.5,243.9,,42.0,70.1,65.8,186.4,218.7,111.7,29.5,180.2,,24.4,,20.5,,10.6,163.1,28.0,93.6,100.1,187.6,116.4,,199.3,,124.9,242.5,,49.0,9.9,13.3,,127.4,242.1,63.7,17.1,172.4,,22.4,,42.1,,131.3,291.0,,71.4,200.8,104.1,,27.0,10.9,180.1,128.5,125.8,78.9,16.8,,20.3,18.1,41.3,11.1,60.6,73.9,118.5,121.7,,40.3,,41.8,106.0,218.2,,54.1,136.9,250.5,79.1,,21.7,14.4,,167.1,277.1,34.6,169.0,317.7,18.3,65.8,176.3,45.6,78.1,63.3,52.6,,175.7,,148.4,268.3,147.2,101.9,,220.7,11.6,,16.6,122.8,329.8,222.2,,,10.9,132.9,169.3,50.7,47.0,111.4,68.6,132.0,81.1,25.5,32.4,,40.2,37.5,28.7,245.2,48.6,,89.8,106.9,221.3,,37.5,294.9,15.2,,,,58.1,,104.8,295.2,17.4,53.8,54.9,37.3,,63.6,149.1,,9.0,11.4,67.6,132.1,183.8,66.9,,188.2,32.2,42.0,109.1,139.9,128.3,32.1,68.7,214.4,27.1,43.6,15.7,16.3,48.4,,74.6,48.0,72.7,,89.7,235.2,154.7,114.3
1979,250.3,88.7,162.5,,,,17.3,46.8,76.8,,13.6,17.1,,29.9,34.5,210.0,28.6,,15.2,67.5,216.6,,201.4,173.7,,77.6,100.6,32.0,22.6,24.9,246.9,233.0,92.8,206.3,183.3,13.3,,190.6,242.1,,36.7,66.1,61.9,180.7,215.2,109.1,26.4,174.2,,23.2,,19.4,,10.3,158.5,31.4,90.2,95.6,177.9,111.1,,196.0,,119.3,241.4,,46.8,9.2,12.8,,123.2,235.9,61.4,16.0,169.3,,20.9,,40.1,,126.7,286.2,,70.9,195.6,99.4,,25.1,10.3,174.5,124.6,116.7,75.7,15.6,,19.1,17.0,39.9,10.5,57.9,72.4,114.4,120.5,,38.3,,38.9,103.4,211.9,20.7,52.6,130.3,247.0,74.8,,21.1,13.8,,169.3,266.8,32.4,159.4,309.2,17.6,64.9,171.1,42.9,74.8,61.9,51.2,,169.2,,141.3,267.8,144.0,102.0,,214.2,11.2,,16.1,115.5,325.6,216.9,,,10.4,121.7,167.1,48.2,45.5,108.4,66.9,129.2,80.4,24.7,29.7,,38.2,36.8,28.1,233.6,46.2,,90.3,99.8,212.3,,33.7,291.1,15.1,,,,55.1,,99.5,292.2,16.1,49.9,52.7,34.8,,58.2,148.0,,8.7,10.9,63.7,131.0,180.6,63.8,,183.7,30.8,40.7,101.9,133.8,123.6,29.7,65.8,217.2,26.6,39.2,14.9,15.6,44.1,126.9,70.7,46.0,71.0,,84.4,222.2,155.3,112.8
1980,243.8,81.3,149.9,,,238.9,16.3,42.9,73.7,,13.0,16.2,,29.4,32.3,205.3,26.9,21.1,14.6,64.9,212.3,,193.8,168.7,,73.2,96.3,30.7,20.6,23.8,239.8,224.0,90.1,180.5,179.1,12.5,,188.1,240.2,,33.0,62.7,58.2,175.0,212.0,106.8,24.4,169.2,,22.1,,18.8,,10.0,154.3,24.5,86.9,91.3,168.3,125.0,,193.0,22.5,113.9,239.4,,44.5,8.7,12.4,,119.3,229.5,59.3,15.0,167.0,,19.4,,38.1,,122.1,281.3,,70.3,190.6,94.9,,23.6,9.7,169.0,120.8,107.9,72.7,14.3,,18.1,16.1,38.5,9.9,55.2,70.6,110.7,119.0,,36.2,,36.0,100.1,206.1,20.7,51.0,123.7,243.8,71.0,,20.5,13.3,,171.8,258.3,30.2,150.4,301.0,16.9,63.9,166.3,41.0,71.6,60.7,49.9,,162.9,,134.5,268.2,141.0,101.3,,207.7,10.9,,15.6,108.5,323.0,212.6,,,10.1,110.8,165.0,45.9,44.0,105.6,65.0,126.3,79.5,23.9,27.5,,36.3,35.9,27.6,218.1,44.1,,91.2,93.2,204.5,,30.4,287.4,14.8,,,,52.5,,94.7,289.1,14.9,46.2,50.3,32.7,,52.9,147.0,,8.4,10.4,60.0,130.0,178.8,60.9,,179.3,29.6,39.4,95.4,127.7,118.9,27.5,63.2,219.0,26.0,35.3,14.1,15.0,39.6,118.2,66.7,44.1,69.4,,79.5,209.3,156.2,110.3
1981,237.3,74.8,135.3,,,236.1,15.5,39.4,70.7,,12.5,15.5,,29.0,30.4,200.3,25.5,20.2,13.9,62.3,208.1,,186.2,164.0,,69.3,92.0,29.3,19.0,22.9,233.8,213.7,88.1,158.0,173.9,11.8,,185.9,237.9,,29.9,59.9,54.7,169.4,208.9,104.2,23.4,165.0,23.6,21.0,,18.3,15.4,9.8,149.9,23.0,83.7,86.9,158.7,100.5,,190.3,21.7,108.4,236.8,,42.4,8.2,11.9,,115.5,223.2,57.2,14.1,165.6,,18.1,,36.1,,117.5,276.4,,69.6,185.4,90.5,,22.5,9.1,163.8,117.1,99.8,70.0,13.2,,17.3,15.2,37.2,9.3,52.7,68.5,107.1,117.4,,33.9,,33.0,96.6,200.4,20.6,49.3,117.5,241.0,67.4,,19.8,12.9,,174.3,251.2,28.2,142.0,292.8,16.2,62.7,161.5,38.4,68.4,59.8,48.5,,157.1,,127.7,268.3,138.1,99.7,,201.1,10.6,,15.2,102.1,322.5,209.4,58.0,,9.9,100.5,162.8,44.0,42.5,102.9,63.1,123.1,78.5,23.3,25.8,,34.6,34.4,27.1,201.3,42.1,,92.4,87.0,197.7,,27.6,283.9,14.1,,21.6,17.9,50.3,,90.1,285.8,13.8,43.0,47.7,30.9,,47.9,145.9,,8.2,10.0,63.0,129.3,178.0,58.1,,175.1,28.7,38.1,89.6,121.7,114.3,25.5,61.1,217.7,25.3,32.0,13.4,14.4,35.8,109.9,62.6,42.3,67.8,,74.8,196.8,157.0,106.2
1982,230.8,69.0,119.0,,,233.5,14.8,36.5,67.8,,12.2,14.8,110.0,28.6,28.7,195.0,24.4,19.4,13.3,59.7,204.1,,179.0,159.5,,65.7,87.8,27.8,17.6,22.2,228.6,202.8,86.5,140.9,167.8,11.2,,183.9,235.3,,27.0,57.7,51.5,163.8,205.8,101.6,22.9,161.5,22.1,20.0,,17.6,15.0,9.6,145.8,21.8,80.7,82.3,148.9,95.1,200.3,187.6,20.9,102.9,233.6,,40.4,7.9,11.5,,111.9,216.9,55.1,13.2,164.2,,17.1,,34.2,,134.6,271.7,,69.0,180.5,86.2,,22.1,8.7,159.0,113.4,92.5,67.5,12.4,,16.6,14.3,36.0,8.8,50.3,66.3,104.0,115.6,,31.6,,30.0,92.7,194.9,20.3,47.4,111.6,238.9,64.0,,19.2,12.5,,176.4,246.9,26.3,134.2,284.6,15.7,61.3,156.8,34.5,65.4,59.1,46.7,,151.5,,121.1,267.6,135.3,97.5,,194.5,10.4,,14.8,96.2,324.5,207.4,55.4,,9.9,90.7,160.5,42.4,41.0,100.4,61.1,119.4,77.4,22.7,24.2,,33.0,32.7,26.6,186.1,40.2,,94.0,81.1,191.6,,25.2,280.4,13.2,,20.7,17.0,48.3,201.1,85.8,282.8,13.0,40.0,45.0,29.3,,43.3,144.9,,8.0,9.7,70.1,128.3,178.0,55.4,,171.0,27.8,36.9,84.4,115.7,109.6,23.7,59.3,213.4,24.5,29.1,12.7,13.9,33.0,102.3,58.7,40.6,66.3,,70.5,184.7,158.0,100.8
1983,224.2,63.7,102.3,,,230.8,14.3,34.1,65.1,,11.9,14.0,107.2,28.3,27.3,189.4,23.4,18.7,12.7,57.1,200.2,,171.8,155.1,,62.4,84.0,26.4,16.5,21.5,223.8,192.1,84.8,129.8,161.3,10.6,,182.4,232.6,,24.6,56.0,48.5,158.6,202.8,99.2,22.7,158.6,20.8,19.0,,16.3,14.7,9.6,141.5,20.7,77.8,77.9,138.9,89.9,196.5,184.7,20.2,107.9,229.8,,38.5,7.6,11.1,,108.6,210.4,53.3,12.5,162.1,,16.2,,32.4,,108.7,267.0,,68.3,175.6,82.1,,21.9,8.2,154.5,109.8,86.3,65.2,11.7,,15.9,13.5,34.8,8.3,48.1,64.0,101.2,113.5,,29.2,,27.3,88.5,189.7,19.6,45.4,106.2,237.7,60.8,,18.8,12.1,,177.9,246.5,24.7,126.9,276.7,15.1,59.8,151.8,30.7,62.5,58.4,44.7,,145.9,,114.8,266.3,132.7,94.6,,188.0,10.2,,14.5,91.0,328.3,206.6,52.5,,10.0,81.5,158.1,41.0,39.6,98.0,59.0,115.2,76.1,21.9,22.9,,31.4,31.4,26.1,174.6,38.6,,96.0,75.5,185.4,,23.3,277.3,12.2,,19.8,16.1,46.6,197.6,81.9,279.1,12.3,36.8,42.3,28.0,,39.1,188.0,57.0,7.8,9.4,50.5,126.6,178.3,52.9,,167.2,27.1,35.8,79.6,109.8,105.0,22.0,57.7,207.6,23.7,26.6,12.1,13.4,31.0,95.6,54.7,39.0,64.9,,66.4,173.4,160.2,94.7
1984,217.7,58.9,87.2,,,228.5,14.0,32.1,62.6,,11.6,13.3,104.7,28.1,26.1,183.6,22.6,18.1,12.2,54.5,196.3,,164.8,150.5,29.4,59.3,80.4,25.1,15.5,20.7,219.3,182.8,82.6,123.3,154.7,10.1,,181.2,229.7,,23.1,54.8,45.9,153.3,200.1,96.7,22.5,156.3,19.4,18.1,,14.8,14.4,9.6,137.5,19.7,75.0,73.6,128.8,84.8,192.4,181.7,19.5,91.7,225.8,,36.9,7.4,10.7,,105.5,203.8,51.8,11.8,159.1,,15.4,,30.7,,104.4,262.3,,67.6,170.9,78.2,,21.9,7.9,150.3,106.1,80.8,63.1,11.1,,15.2,12.7,33.7,7.9,45.9,61.8,99.1,111.2,,26.9,,24.9,84.3,184.6,18.6,43.4,101.5,237.9,57.7,,18.2,11.6,,178.3,249.1,23.1,120.0,268.8,14.5,58.1,146.1,28.6,59.7,57.5,42.5,,140.5,27.3,108.8,264.0,130.2,91.2,,181.3,9.9,,14.2,86.4,332.8,206.6,50.6,,10.1,73.1,155.6,39.8,38.2,95.8,56.9,110.4,74.5,21.1,21.6,,29.9,30.8,25.6,166.4,37.0,,98.1,70.2,178.7,40.6,21.7,274.4,11.5,,19.0,15.3,45.1,194.8,78.2,275.7,11.7,33.4,39.8,26.8,,35.4,185.7,55.1,7.7,9.2,47.9,123.7,178.4,50.4,,163.7,26.4,34.8,75.1,104.1,100.2,20.6,56.4,201.9,22.8,24.6,11.7,13.0,29.6,89.6,51.0,37.6,63.4,,62.5,163.2,163.6,88.5
1985,211.1,54.8,74.7,,17.5,226.6,13.7,30.6,60.1,,11.3,12.6,102.2,27.8,25.0,177.5,21.9,17.6,11.7,51.8,192.5,,157.9,145.9,27.0,56.1,77.1,23.8,14.8,19.8,214.7,175.9,79.6,119.8,148.6,9.8,,180.3,226.7,,22.4,54.1,43.6,148.4,197.7,94.3,22.0,154.6,18.2,17.2,,13.3,14.2,9.7,133.6,18.9,72.2,69.5,118.9,79.9,188.7,178.3,19.0,86.5,221.6,,35.3,7.3,10.4,,102.6,197.3,50.6,11.1,155.0,,14.6,,29.0,,100.1,257.5,244.4,66.7,166.3,74.5,,21.6,7.6,146.2,102.5,76.0,61.2,10.7,,14.4,12.0,32.6,7.5,43.9,59.6,97.5,108.6,35.1,24.6,147.6,23.0,79.9,179.6,17.5,41.4,97.4,239.7,54.8,,17.4,11.2,,177.4,252.9,21.7,113.4,261.4,13.9,56.4,139.6,28.7,57.1,56.5,40.4,9.7,134.8,24.8,103.2,260.9,127.8,87.5,85.5,174.5,9.7,,13.8,82.5,336.9,207.2,50.0,,10.2,65.5,153.1,38.7,36.8,93.8,54.9,105.1,72.5,20.3,20.4,,28.4,31.5,24.9,160.0,35.6,22.5,100.3,65.2,171.3,39.2,20.4,271.5,10.9,,18.2,14.4,43.7,192.5,74.8,272.3,11.1,30.2,37.5,25.7,,32.3,183.2,53.3,7.6,9.0,45.5,119.5,177.9,48.0,221.0,160.3,25.8,33.8,70.9,98.5,95.6,19.3,55.3,197.2,21.9,22.7,11.4,12.7,28.5,84.3,47.6,36.3,62.0,,59.0,154.5,167.7,82.9
1986,204.6,51.1,65.3,,16.5,225.5,13.6,29.6,57.7,,11.0,11.9,100.1,27.3,24.2,171.3,21.2,17.0,11.4,49.1,188.6,,151.2,141.1,24.9,52.9,74.1,22.6,14.2,18.7,210.3,171.2,75.7,117.6,143.4,9.4,,179.5,223.8,,22.2,53.8,41.5,143.6,195.4,92.3,21.2,153.5,17.0,16.4,,12.1,13.8,9.7,129.8,18.2,69.6,65.8,110.0,75.3,185.7,174.4,18.6,81.6,217.4,,33.9,7.3,10.1,,100.0,190.8,49.6,10.6,150.0,,13.7,,27.5,,95.9,252.9,239.6,65.9,161.9,70.9,,20.9,7.3,142.2,98.8,71.7,59.4,10.4,,13.7,11.3,31.6,7.1,42.0,57.6,96.6,105.7,34.7,22.4,137.4,21.5,75.6,174.5,16.3,39.4,93.8,243.2,51.9,,16.4,10.8,,175.2,256.0,20.5,107.3,254.3,13.3,54.7,133.3,29.2,54.5,55.2,38.4,9.3,129.0,22.6,97.9,257.7,125.3,83.9,81.5,167.5,9.5,,13.4,79.0,339.9,208.1,49.2,,10.2,58.7,150.4,37.9,35.6,91.8,52.9,99.6,70.0,19.6,19.3,,26.8,33.2,24.2,154.6,34.2,20.4,114.7,60.5,163.1,37.8,19.3,269.0,10.3,,17.4,13.5,42.4,190.3,71.6,268.3,10.7,27.4,35.5,24.8,,29.7,139.8,51.6,7.5,8.9,43.4,114.5,176.4,45.7,211.0,157.2,25.2,33.0,67.1,93.2,91.3,18.1,54.7,193.8,21.1,21.2,11.1,12.4,27.4,79.7,44.6,34.9,60.3,,55.7,147.1,172.0,78.5
1987,197.9,47.9,59.1,,15.6,224.7,13.6,29.1,55.4,,10.6,11.1,98.2,26.6,23.7,164.9,20.4,16.4,11.0,46.3,184.6,,144.6,136.1,23.0,49.6,71.3,21.5,13.8,17.9,206.2,168.9,71.4,116.7,139.3,9.1,,179.0,220.9,,21.9,53.8,39.7,139.1,193.2,91.0,20.1,152.8,15.8,15.7,,11.4,13.4,9.7,126.4,17.6,67.0,62.5,102.2,71.0,183.4,170.0,18.3,77.2,213.3,,32.6,7.2,9.8,,97.7,184.5,49.0,10.1,144.4,,12.8,,26.1,,91.9,248.1,235.3,64.8,157.5,67.5,,19.7,7.0,138.2,95.2,67.7,57.8,10.1,,13.0,10.8,30.6,6.8,40.3,55.8,96.7,102.5,35.2,20.4,128.3,20.2,71.8,169.5,15.6,37.4,90.7,248.3,49.2,,15.2,10.3,,171.5,257.2,19.3,101.4,247.9,12.8,52.9,127.7,28.7,52.1,53.7,36.4,8.9,123.3,20.5,93.0,254.5,122.9,80.6,77.7,160.4,9.2,,12.9,75.9,340.9,209.0,46.9,,10.1,52.7,147.7,37.1,34.4,90.0,51.0,94.3,67.0,18.9,18.2,,25.3,34.7,23.4,150.3,33.0,18.6,104.3,56.0,155.1,36.1,18.4,266.7,9.8,,16.7,12.7,41.2,188.6,68.8,264.6,10.3,25.2,33.8,23.9,,27.7,138.1,49.8,7.4,8.8,41.5,109.4,174.2,43.5,201.5,154.5,24.5,32.2,63.7,88.2,87.4,17.0,54.1,191.4,20.4,19.8,10.8,12.1,26.2,76.0,41.9,33.6,58.5,,52.6,140.8,175.8,75.9
1988,191.4,45.2,55.3,,14.7,224.0,13.7,29.0,92.7,,10.2,10.5,96.7,25.6,23.4,158.5,19.7,15.9,10.7,43.6,180.7,,138.5,131.2,21.2,46.7,68.6,20.6,13.5,17.7,203.0,168.3,67.0,116.3,136.8,8.8,,178.5,217.9,,21.3,53.9,38.2,134.8,190.9,90.3,18.9,152.7,14.7,14.9,,11.1,13.0,9.6,123.2,17.1,64.5,59.5,95.7,67.1,181.6,165.0,18.0,73.4,209.4,,31.4,7.1,9.6,,95.7,178.3,48.5,9.5,138.5,,11.9,,24.8,,87.9,243.4,231.1,63.7,153.2,64.3,,18.5,6.8,134.2,91.5,63.9,56.4,9.9,,12.5,10.4,29.7,6.6,38.7,54.1,97.6,99.0,36.8,18.6,119.7,18.9,68.4,164.4,15.4,35.6,88.1,254.0,46.6,,14.3,9.8,,166.7,255.4,18.3,95.9,241.9,12.3,51.1,123.0,27.0,49.7,52.1,34.9,8.5,117.7,18.8,88.6,251.5,120.4,77.6,74.1,153.1,8.9,,12.4,72.9,339.7,209.4,43.5,,9.8,47.6,145.1,36.5,33.3,88.2,49.1,89.3,63.6,18.4,17.0,,23.8,34.6,22.6,146.8,31.8,16.9,106.1,51.8,148.0,33.6,17.6,264.4,9.2,,16.0,11.9,40.2,186.4,66.2,260.3,9.9,23.8,32.4,23.2,,26.0,136.2,48.2,7.3,8.6,39.8,105.1,171.7,41.3,192.3,152.0,23.8,31.5,60.6,83.3,84.0,16.0,53.7,189.3,19.9,18.6,10.4,11.9,25.0,73.1,39.7,32.3,56.4,,49.8,135.4,178.9,75.2
1989,184.9,42.8,53.1,,13.9,223.7,13.8,28.9,51.1,,9.7,9.9,95.7,24.6,23.2,152.2,18.9,15.5,10.3,40.9,176.7,,132.5,126.3,19.6,45.1,65.9,19.8,13.3,17.9,200.6,169.1,63.2,116.3,135.8,8.5,,178.0,214.9,,20.4,53.9,36.8,130.6,188.6,90.3,17.8,153.0,13.7,14.2,,11.2,12.6,9.3,120.4,16.7,62.0,56.7,90.3,63.4,180.0,159.3,17.8,70.3,205.2,,30.2,6.9,9.3,,94.0,172.4,48.2,9.0,132.8,,11.1,,23.5,,84.1,238.2,226.9,62.3,149.0,61.2,,17.6,6.6,130.3,87.7,60.5,55.1,9.6,,12.1,10.0,28.8,6.5,37.3,52.6,99.4,95.3,39.5,17.0,111.8,17.5,65.9,159.2,15.8,33.9,86.0,259.5,44.1,,14.1,9.4,,161.4,251.0,17.4,90.6,236.4,11.8,49.3,119.5,24.9,47.5,50.5,33.8,8.1,112.3,17.5,84.5,248.7,117.8,75.0,70.6,145.8,8.6,,11.8,69.9,336.5,209.6,40.0,,9.3,43.1,142.5,35.9,32.3,86.5,47.3,84.6,60.1,17.9,15.9,,22.3,33.0,22.0,146.0,30.8,15.3,107.5,47.9,142.4,30.9,16.9,262.4,8.5,,15.3,11.1,39.2,183.8,64.0,255.8,9.5,27.1,31.3,22.5,,24.8,134.1,46.7,7.2,8.4,38.2,102.6,169.1,39.1,183.6,149.7,23.0,30.8,57.9,78.7,81.3,15.0,53.3,186.5,19.4,17.5,9.9,11.6,23.8,71.2,37.7,30.9,54.1,,47.3,130.6,181.0,76.6
1990,178.5,40.8,51.9,,13.1,223.5,14.1,28.8,48.9,,9.2,9.5,95.3,23.5,23.0,146.0,18.1,15.2,10.0,38.4,172.7,,126.7,121.5,18.1,45.3,63.2,19.1,13.3,18.4,199.1,170.3,60.4,116.3,136.2,8.2,,177.4,212.0,,19.1,53.6,35.6,126.5,186.3,91.2,16.9,153.4,12.9,13.6,,11.3,12.1,8.9,117.8,16.4,59.6,54.1,85.7,60.0,178.5,153.1,17.7,68.3,200.8,,29.1,6.7,9.0,,92.4,166.5,47.9,8.5,127.7,,10.4,,22.3,,80.4,232.7,222.8,60.9,144.9,58.3,,17.2,6.4,126.5,84.0,57.3,54.0,9.1,,11.6,9.7,28.0,6.3,36.0,51.7,102.0,91.6,43.4,15.6,104.6,18.0,64.6,154.1,16.9,32.2,84.5,263.6,41.8,,15.0,8.8,,156.0,244.9,16.6,85.7,231.4,11.4,47.5,117.2,23.1,45.4,49.2,33.4,7.8,107.4,16.5,80.8,245.7,115.3,72.8,67.2,138.6,8.3,,11.2,66.9,331.6,209.3,36.9,,8.7,39.0,139.8,35.3,31.4,84.9,45.6,80.2,56.6,17.4,14.7,,20.8,31.1,21.6,149.9,29.8,13.9,108.8,44.3,138.6,28.3,16.3,260.5,7.7,,14.7,10.4,38.2,180.4,62.2,251.2,9.2,22.8,30.4,21.9,,23.9,132.0,45.1,7.0,8.2,36.7,102.5,166.9,37.1,175.5,147.5,22.2,30.3,55.4,74.2,79.4,14.2,52.8,182.9,19.2,16.5,9.3,11.2,22.9,70.3,36.0,29.6,51.7,,44.9,126.4,182.3,79.6
1991,172.2,39.1,51.3,,12.4,223.5,14.4,28.3,46.9,,8.7,9.1,95.5,22.4,22.7,139.7,17.4,15.2,9.7,36.1,168.6,,121.0,116.7,16.8,47.3,60.4,18.5,13.3,18.9,198.3,171.8,58.7,116.2,137.9,8.0,,176.8,209.2,,17.6,53.1,34.4,122.5,184.0,92.9,16.2,153.8,14.0,12.9,,11.1,11.6,8.4,115.6,16.1,57.2,51.4,81.5,56.7,177.1,146.1,17.5,67.5,195.9,,28.0,6.4,8.6,,91.2,160.8,47.5,8.0,123.4,,9.8,,21.1,,76.9,226.9,218.5,59.3,140.8,55.6,,16.8,6.2,122.9,80.2,54.5,52.9,8.6,,11.1,9.3,27.2,6.2,34.8,51.5,104.9,88.0,48.6,14.4,97.7,15.4,64.4,148.9,18.3,30.7,83.8,265.7,39.7,,16.7,8.3,,150.7,237.9,15.8,80.9,226.9,11.0,45.7,115.5,21.8,43.3,47.9,33.7,7.4,102.9,15.8,77.3,242.1,112.7,71.0,64.0,131.5,8.0,,10.6,63.8,325.0,208.8,34.6,,7.9,35.3,137.1,34.7,30.6,83.3,43.9,75.9,53.3,16.9,13.6,,19.4,29.7,21.5,159.4,28.9,12.6,109.4,41.0,136.6,26.2,15.8,258.6,6.9,,14.1,9.7,37.2,176.6,60.9,246.4,8.8,22.5,29.7,21.3,,23.2,129.8,43.5,6.6,7.8,35.3,105.4,164.9,35.1,167.9,145.5,21.4,29.8,53.0,69.8,78.5,13.5,52.2,178.8,19.2,15.7,8.7,10.9,22.3,70.1,34.5,28.6,49.1,,42.9,122.8,182.9,83.5
1992,166.3,37.6,50.8,,11.7,223.6,14.7,27.6,44.8,,8.2,8.6,95.9,21.4,22.1,133.4,16.7,15.3,9.3,34.0,164.6,,115.6,112.1,35.5,50.8,57.4,18.0,13.2,19.2,198.0,172.9,57.9,116.5,140.2,7.7,,176.2,206.4,,16.2,52.1,33.2,118.7,181.9,95.1,15.7,154.1,11.5,12.3,,10.7,11.0,7.9,113.7,16.0,54.8,48.8,77.4,53.7,175.7,138.5,17.3,68.6,190.6,,27.0,6.1,8.1,,90.3,155.3,47.2,7.6,120.1,,9.4,,20.0,,73.5,220.5,214.1,57.7,136.6,53.1,,15.8,6.0,119.5,76.6,51.9,51.9,8.1,,10.5,8.9,26.5,6.1,33.7,51.8,107.6,84.7,54.8,13.3,91.3,14.8,64.8,143.8,19.5,29.3,84.1,265.0,37.7,,18.0,7.8,,145.7,230.0,15.1,76.2,222.9,10.6,44.1,114.3,21.2,41.3,46.9,34.7,7.1,98.7,15.4,74.1,238.4,110.1,69.9,60.8,124.6,7.7,,10.0,60.6,316.6,208.1,33.0,,7.2,32.0,134.1,34.1,29.9,81.8,42.3,71.5,50.4,16.4,12.5,,18.2,28.7,21.7,173.2,28.0,11.5,109.5,38.0,136.0,24.5,15.3,256.5,6.3,,13.6,9.0,36.2,174.1,60.1,241.3,8.3,22.0,29.2,20.8,,22.7,127.4,42.1,6.2,7.5,33.8,109.8,163.3,33.2,160.7,143.5,20.6,29.4,50.6,65.5,78.5,12.8,51.5,174.6,19.3,14.9,8.2,10.5,21.8,70.2,33.3,27.8,46.6,,41.0,119.6,182.7,87.6
1993,160.8,36.3,50.2,,11.1,223.7,15.1,26.5,42.8,,7.7,8.0,96.0,20.4,21.1,127.1,16.0,15.5,8.8,32.1,160.7,,110.3,107.4,35.0,55.4,54.3,17.5,13.1,19.3,197.4,194.2,57.7,117.3,142.7,7.4,,175.6,203.7,,15.0,50.8,32.1,115.0,179.8,98.0,15.4,154.2,10.9,11.8,,10.2,10.3,7.4,112.1,15.9,52.4,46.1,73.2,50.7,174.4,130.5,17.0,71.5,184.6,,26.0,5.8,7.6,,89.4,149.7,46.7,7.2,117.8,,9.1,,19.0,,70.3,213.9,209.6,56.1,132.4,50.8,,14.5,5.8,116.2,73.0,49.7,51.0,7.7,,9.9,8.5,25.7,6.0,32.6,52.3,109.7,81.8,61.3,12.2,85.2,14.5,65.0,138.6,20.0,28.0,85.7,261.5,36.0,,18.0,7.3,,140.9,222.2,14.4,71.6,219.2,10.2,42.8,113.4,21.1,39.4,45.9,36.2,6.8,94.7,15.2,70.9,233.7,107.4,69.6,57.8,118.0,7.4,,9.5,57.5,306.4,207.2,31.5,,6.6,29.0,131.1,33.4,29.3,80.3,40.9,67.0,47.9,16.0,11.4,,17.1,28.0,21.9,189.5,27.1,10.4,108.9,35.3,136.4,23.0,14.9,254.4,5.7,,13.0,8.4,35.2,173.1,59.9,235.4,7.9,21.4,28.8,20.3,,22.4,125.0,40.6,5.7,7.1,32.3,113.4,161.6,31.5,153.7,141.3,20.0,29.1,48.1,61.4,78.9,12.1,50.7,170.8,19.6,14.2,7.7,10.1,21.4,70.2,32.2,27.2,44.0,,39.3,116.8,181.2,91.7
1994,155.5,35.0,49.4,,10.5,223.3,15.5,25.4,40.9,,7.3,7.4,95.5,19.4,19.7,120.9,15.5,15.7,8.2,30.4,156.9,,105.2,102.8,26.1,60.4,51.1,17.1,12.8,19.1,196.5,173.3,57.5,118.4,145.0,7.2,,175.0,201.2,,13.9,49.2,31.0,111.7,177.8,101.4,15.1,153.9,10.4,11.3,,9.6,9.4,6.9,110.7,15.8,50.2,43.5,68.9,47.7,173.0,122.5,16.4,76.6,178.1,,25.2,5.5,7.0,,89.0,144.1,46.1,6.8,116.1,,8.8,,18.1,,67.2,207.0,205.0,54.6,128.2,48.6,,13.3,5.5,112.8,69.5,47.7,50.0,7.4,,9.2,8.0,25.0,5.9,31.7,52.9,110.8,79.2,67.7,11.3,79.4,14.4,64.5,133.7,20.0,26.7,88.6,255.4,34.5,,16.8,6.8,,136.1,215.7,13.8,66.9,215.6,9.8,41.8,112.5,21.6,37.5,45.0,37.6,6.5,90.9,15.1,67.9,227.8,104.7,70.2,55.0,111.7,7.1,,9.1,54.5,294.4,205.7,28.5,,6.1,26.4,127.9,32.7,28.8,78.8,39.6,62.4,45.7,15.4,10.5,,16.1,27.5,22.1,340.6,26.2,9.5,107.3,32.8,137.4,21.4,14.6,251.7,5.3,,12.5,7.9,34.3,172.9,60.4,229.0,7.4,20.7,28.4,19.9,,22.3,122.5,39.1,5.2,6.7,30.8,114.1,159.5,29.9,146.9,139.0,19.4,28.8,45.5,57.5,79.6,11.5,49.7,167.6,19.9,13.6,7.4,9.8,21.0,69.9,31.4,26.8,41.6,,37.7,114.4,178.2,95.5
1995,150.6,33.8,48.5,,9.9,222.4,15.7,24.3,39.0,,7.0,6.8,94.2,18.5,18.1,114.7,15.2,15.7,7.6,28.9,153.3,,100.2,98.3,14.0,65.7,48.0,16.8,12.4,19.1,194.8,172.4,56.7,119.5,146.7,6.9,,174.3,198.8,,13.1,47.4,29.9,108.7,175.9,104.9,14.9,153.3,10.0,10.8,,9.0,8.5,6.5,109.3,15.8,48.0,40.8,64.6,44.9,171.3,114.7,15.7,83.5,171.4,,24.5,5.2,6.5,,88.6,138.8,45.2,6.5,114.6,,8.5,,17.4,,64.3,200.0,200.1,53.1,123.9,46.5,,12.5,5.3,109.4,66.3,45.7,49.1,7.3,,8.6,7.5,24.2,5.7,30.8,52.7,110.9,77.0,72.8,10.5,73.8,14.3,63.2,128.9,19.7,25.5,92.2,247.2,33.1,,15.1,6.3,,131.1,210.0,13.3,62.2,212.0,9.4,41.2,111.6,22.3,35.8,44.1,38.6,6.2,86.9,15.1,65.0,220.4,102.0,71.7,52.4,105.7,6.9,,8.7,51.5,281.3,203.7,24.5,,5.7,24.1,124.6,31.9,28.3,77.4,38.4,57.9,43.7,14.5,9.7,,15.3,27.1,22.0,221.1,25.3,8.7,104.9,30.5,138.4,19.5,14.4,248.5,5.0,,11.9,7.4,33.5,172.9,61.3,222.1,6.9,19.9,27.9,19.6,,22.3,119.8,37.6,4.8,6.4,29.3,112.2,156.9,28.4,140.4,136.4,18.9,28.6,42.8,53.8,79.9,11.0,48.6,165.3,20.1,13.1,7.2,9.5,20.6,69.4,30.7,26.3,39.2,,36.3,112.1,174.8,98.7
1996,146.0,32.5,47.3,,9.4,220.9,16.0,23.2,37.2,,6.8,6.3,91.9,17.7,16.6,108.6,14.9,15.5,7.1,27.6,149.9,,95.3,93.7,12.2,65.6,45.0,16.5,12.0,19.3,192.3,170.5,54.6,120.1,147.9,6.7,,173.3,196.4,,12.5,45.5,28.8,105.9,173.6,108.5,14.7,152.2,9.6,10.4,,8.5,7.7,6.3,107.9,15.9,46.0,38.2,60.5,42.2,169.1,107.5,14.8,90.7,164.9,,23.9,4.9,6.1,,88.2,133.5,44.1,6.2,112.7,,8.1,,16.7,,61.6,193.0,195.0,51.7,119.7,44.6,,11.9,5.1,106.0,63.1,43.8,48.2,7.3,,8.2,7.0,23.5,5.5,30.0,51.7,110.0,75.0,75.7,9.7,68.3,14.1,61.0,124.3,19.0,24.4,95.9,237.4,31.9,,13.5,5.9,,126.0,205.0,12.9,57.6,208.2,9.0,41.1,110.3,22.7,34.1,43.1,38.8,6.0,82.7,15.1,62.2,211.8,99.3,73.9,50.0,99.9,6.7,,8.4,48.7,268.6,201.0,21.1,,5.4,22.2,121.2,31.2,27.9,76.1,37.3,53.4,42.1,13.2,9.1,,14.6,26.7,21.7,224.1,24.5,7.9,101.6,28.5,139.2,17.4,14.2,244.7,4.8,,11.5,6.9,32.8,172.9,62.6,215.0,6.5,19.2,27.3,19.2,,22.4,117.1,36.3,4.5,6.1,27.8,108.1,153.8,26.9,134.1,133.6,18.5,28.4,40.0,50.3,79.5,10.5,47.4,163.1,20.2,12.6,7.0,9.2,20.0,68.6,30.2,25.5,37.0,,34.9,109.8,171.6,100.4
1997,141.6,31.2,46.0,,8.9,218.2,16.1,22.2,35.5,,6.6,6.0,88.7,17.0,15.2,102.7,14.8,15.1,6.6,26.5,146.5,,90.5,89.2,11.5,69.4,42.2,16.3,11.5,19.4,189.3,167.7,51.4,119.5,148.5,6.5,,172.0,193.6,,12.2,43.5,27.8,103.2,171.0,111.7,14.5,150.6,9.3,9.9,,8.0,7.0,6.0,106.3,16.1,44.2,35.7,56.6,39.7,166.5,101.0,13.9,97.3,158.5,,23.4,4.7,5.8,,87.7,128.3,42.7,5.9,110.5,,7.7,,16.2,,59.0,186.1,190.0,50.4,115.5,42.7,,11.5,4.8,102.5,60.2,41.9,47.2,7.3,,7.8,6.6,22.8,5.2,29.1,50.0,108.4,73.1,75.7,9.1,63.1,13.8,58.2,119.9,18.0,23.3,99.2,226.3,30.8,,12.3,5.5,,120.8,199.9,12.4,53.0,203.8,8.6,41.2,108.6,22.6,32.5,41.9,38.2,5.8,78.2,15.0,59.5,201.9,96.7,75.9,47.9,94.4,6.5,,8.1,46.0,257.4,197.2,19.2,,5.3,20.4,117.8,30.4,27.5,74.8,36.4,49.1,40.7,12.0,8.6,,14.0,25.9,21.3,220.7,23.7,7.2,97.5,26.6,139.0,15.6,14.0,240.5,4.6,,11.0,6.5,32.2,172.9,64.5,207.4,6.1,18.5,26.7,19.0,,22.4,114.1,34.9,4.3,6.0,26.5,102.7,149.6,25.6,128.1,130.4,18.1,28.4,37.3,46.9,78.3,10.0,46.0,160.4,20.0,12.2,6.9,8.9,19.2,67.4,29.8,24.5,35.0,,33.6,107.0,168.6,100.8
1998,137.3,29.9,44.7,,8.4,214.6,16.0,21.3,33.8,,6.4,5.8,84.6,16.6,14.0,96.9,14.8,14.5,6.3,25.4,143.3,,85.9,84.6,10.9,71.8,39.5,16.1,11.1,19.0,186.0,163.9,47.1,117.6,148.1,6.4,,170.4,190.8,,11.9,41.4,26.8,100.8,167.8,113.9,14.1,148.5,8.9,9.5,,7.5,6.3,5.9,104.7,16.3,42.6,33.4,53.0,37.3,163.3,95.2,12.9,103.3,152.4,,23.0,4.6,5.6,,86.9,123.3,41.1,5.7,107.5,,7.3,,15.9,,56.6,179.3,185.0,49.1,111.5,64.2,,11.1,4.5,98.9,57.4,40.0,46.3,7.3,,7.4,6.2,22.2,5.0,28.4,47.8,105.9,71.4,72.9,8.5,58.1,13.5,55.4,115.6,16.6,22.2,102.3,214.5,29.8,,11.6,5.2,,115.4,193.8,11.7,48.2,199.0,8.2,41.6,106.1,21.7,31.0,40.7,36.7,5.5,73.5,14.9,57.0,191.3,94.1,77.2,45.9,89.1,6.4,,7.8,50.5,247.2,192.8,18.3,,5.1,18.9,114.4,29.7,27.0,73.6,35.5,45.1,39.5,10.9,8.2,,13.5,24.5,20.8,213.0,22.8,6.6,93.0,24.9,137.6,14.2,13.9,235.8,4.4,,10.5,6.1,31.7,172.9,66.6,199.0,5.8,17.8,25.8,18.7,,22.4,111.0,33.6,4.2,5.8,25.2,96.6,144.1,24.3,122.3,127.0,17.8,28.3,34.7,43.7,76.2,9.5,44.6,156.7,19.6,11.8,6.8,8.8,18.4,65.7,29.4,23.4,33.1,,32.5,103.6,165.4,100.0
1999,133.3,28.5,43.2,,8.0,210.3,15.8,20.4,32.2,,6.3,5.6,79.7,16.3,13.1,91.3,15.0,13.7,6.1,24.5,140.1,,81.4,80.0,10.3,73.0,37.0,15.9,10.7,18.2,182.5,159.4,42.5,113.3,146.7,6.3,,168.4,187.6,,11.5,39.1,25.9,98.6,164.2,114.7,13.6,145.9,8.6,9.2,,7.0,5.8,5.7,102.7,16.6,41.2,31.4,49.7,35.1,159.5,90.1,11.9,108.1,146.5,,22.8,4.4,5.5,,85.9,118.4,39.1,5.5,104.0,,6.9,,15.6,,54.3,172.4,179.7,47.9,107.5,39.2,,10.7,4.3,95.3,54.7,38.1,45.4,7.3,,7.2,5.9,21.5,4.7,27.6,45.3,102.7,69.6,67.4,8.0,53.3,13.1,52.6,111.4,15.3,21.2,105.0,202.0,29.0,,11.2,4.8,,110.2,185.4,11.0,43.6,193.5,7.9,41.9,102.9,20.4,29.6,39.5,34.3,5.3,68.6,14.6,54.6,180.8,91.7,77.5,44.1,84.0,6.3,,7.6,41.0,237.9,187.7,17.4,,5.0,17.5,111.1,29.0,26.6,72.3,34.6,41.4,38.5,10.0,7.7,,13.0,22.8,20.2,201.0,22.0,6.1,87.9,23.4,134.5,13.3,13.9,230.9,4.2,,10.1,5.8,31.2,172.9,68.6,190.4,5.6,17.1,24.9,18.5,,22.4,107.8,32.4,4.1,5.7,24.1,90.1,137.3,23.1,116.7,123.5,17.4,28.2,32.2,40.7,73.3,9.1,43.3,151.9,19.0,11.5,6.7,8.6,17.6,63.4,29.1,22.4,31.5,,31.4,99.5,161.6,98.2
2000,129.3,27.2,41.7,,7.6,205.1,15.5,19.7,30.7,,6.2,5.5,74.6,16.3,12.5,86.1,15.2,12.8,5.9,23.6,136.8,,77.1,75.6,9.9,74.0,34.7,15.7,10.3,17.4,178.7,154.6,38.1,106.3,144.4,6.2,,166.1,184.3,,10.9,36.7,25.1,96.4,160.1,113.5,13.1,142.9,8.3,8.8,,6.5,5.5,5.6,100.6,16.9,40.0,29.6,46.7,33.1,155.5,85.5,11.0,112.3,140.5,,22.6,4.3,5.4,,84.5,113.7,36.8,5.4,100.1,,6.4,,15.4,,52.1,165.6,174.5,46.6,103.9,37.5,,10.1,4.0,91.6,52.2,36.1,44.4,7.1,,6.9,5.6,20.9,4.5,26.8,42.6,98.8,67.9,60.0,7.5,48.8,12.8,49.9,107.3,14.2,20.1,107.5,189.2,28.1,,10.7,4.5,,105.3,174.2,10.2,39.1,187.7,7.6,42.1,98.8,18.8,28.3,38.5,31.5,5.2,63.6,14.2,52.4,170.7,89.3,77.0,42.6,79.1,6.2,,7.4,38.8,228.5,182.4,16.0,,4.9,16.3,108.1,28.5,26.0,71.1,33.8,38.1,37.7,9.3,7.2,,12.5,21.5,19.4,185.4,21.3,5.6,82.4,22.1,129.7,12.6,13.9,225.9,3.9,,9.8,5.5,30.8,172.9,71.0,181.6,5.4,16.5,23.8,18.4,,22.3,104.4,31.3,4.1,5.6,23.0,83.7,129.9,21.9,111.3,120.0,17.0,28.1,30.0,37.9,69.8,8.7,42.2,146.1,18.2,11.1,6.5,8.4,17.0,60.5,28.8,21.5,30.0,,30.4,95.1,155.7,96.2
2001,125.3,25.8,40.1,,7.2,198.9,15.1,19.0,29.2,,6.1,5.4,69.4,16.4,12.0,81.1,15.4,11.8,5.7,22.9,133.6,,72.9,71.4,9.6,73.2,32.5,15.6,10.0,16.7,174.7,149.5,34.4,96.9,141.5,6.2,,163.6,181.0,,10.3,34.1,24.3,94.3,155.8,110.5,12.6,139.8,8.0,8.5,,6.1,5.2,5.5,98.4,17.3,39.1,28.1,44.0,31.3,151.3,81.3,10.1,115.3,134.4,,22.5,4.2,5.3,,82.8,109.1,34.3,5.2,96.0,,6.0,,15.3,,50.1,159.0,169.1,45.4,100.5,35.8,,9.6,3.8,88.0,49.9,34.1,43.5,6.9,,6.6,5.3,20.4,4.3,26.1,40.0,94.5,66.4,52.1,7.1,44.5,12.5,47.3,103.1,13.4,19.0,109.6,176.1,27.3,,10.3,4.3,,100.6,160.4,9.5,34.7,181.5,7.4,42.1,94.0,17.5,27.0,37.5,28.4,5.0,58.6,13.6,50.2,161.3,86.9,76.0,41.4,74.6,6.1,,7.2,36.9,218.3,177.0,14.8,,4.7,15.3,105.3,27.9,25.4,70.0,33.1,35.1,37.0,8.8,6.6,,12.0,20.6,18.4,167.6,20.6,5.2,76.9,20.8,123.0,12.0,13.9,220.4,3.6,,9.4,5.2,30.4,172.9,73.3,172.7,5.3,16.0,22.7,18.3,,22.1,101.0,30.3,4.0,5.5,22.1,77.3,121.9,20.9,106.1,116.5,16.5,27.9,28.0,35.2,66.1,8.3,41.2,139.3,17.5,10.9,6.4,8.3,16.6,57.1,28.6,20.9,28.7,,29.4,90.5,147.0,94.5
2002,121.2,24.4,38.5,,6.9,191.9,14.7,18.3,27.8,,6.0,5.3,64.5,16.6,11.6,76.6,15.6,10.9,5.5,22.2,130.5,,68.8,67.3,9.3,72.2,30.4,15.6,9.8,16.0,170.2,143.9,31.6,86.9,138.2,6.2,,160.7,177.7,,9.8,31.5,23.6,92.1,151.2,105.8,12.1,136.4,7.7,8.2,,5.7,5.0,5.4,95.9,17.8,38.2,26.7,41.6,29.6,147.0,77.5,9.3,117.0,128.1,,22.5,4.1,5.1,,80.8,104.5,31.7,5.1,92.2,,5.6,,15.2,,48.1,152.9,163.4,44.3,97.3,34.2,,9.0,3.6,84.5,47.6,32.0,42.7,6.5,,6.4,5.1,20.0,4.1,25.4,37.5,89.9,65.3,44.7,6.8,40.6,12.3,45.0,99.0,12.6,17.9,111.6,163.3,26.5,,9.9,4.0,,96.3,145.7,8.9,30.7,175.3,7.2,42.0,88.7,16.6,25.9,41.4,25.6,4.8,53.8,12.9,48.0,153.0,84.5,74.8,40.3,70.3,5.9,,7.0,35.0,206.9,171.4,14.3,,4.6,14.5,102.8,27.4,24.8,68.7,32.3,32.5,36.3,8.4,6.1,,11.6,20.2,17.3,149.6,20.1,4.8,71.3,19.6,115.2,11.3,13.9,214.8,3.4,,9.1,4.9,30.1,172.9,75.2,164.0,5.1,15.6,21.6,18.3,,22.0,97.7,29.3,4.0,5.4,21.3,71.3,114.0,19.9,101.1,113.0,16.0,27.7,26.2,32.7,62.3,8.0,40.3,131.6,16.6,10.6,6.3,8.2,16.2,53.5,28.4,20.3,27.6,,28.6,85.9,136.5,93.4
2003,117.0,22.9,36.9,,6.5,184.2,14.1,17.7,26.4,,5.9,5.2,59.8,16.8,11.3,72.3,15.7,10.1,5.3,21.7,127.4,,64.9,63.5,9.2,73.1,28.4,15.5,9.7,15.2,165.0,138.1,29.7,78.2,134.6,6.2,,157.3,174.3,,9.5,28.9,22.8,89.7,146.5,100.0,11.8,133.0,7.3,7.9,,5.3,4.8,5.2,93.4,18.4,37.5,25.5,39.5,28.0,142.4,73.9,8.5,118.4,121.7,,22.7,4.0,4.9,,78.8,100.2,28.9,5.0,88.9,,5.2,,15.2,,46.2,147.0,157.6,43.3,94.4,32.8,,8.4,3.4,81.1,45.5,30.0,41.8,6.0,,6.1,4.8,19.6,4.0,24.6,35.2,85.3,64.6,38.9,6.4,37.0,12.2,42.9,94.9,11.9,16.8,113.4,151.0,25.5,,9.6,3.8,,92.2,131.8,8.5,27.2,169.2,7.0,41.8,83.1,16.0,24.8,36.3,23.1,4.7,49.2,12.2,45.9,145.4,82.0,74.0,39.4,66.4,5.7,,6.9,33.3,195.0,165.8,14.4,,4.4,13.7,100.5,26.9,24.2,67.6,31.5,30.2,35.6,8.1,5.5,,11.2,19.8,16.1,133.2,19.7,4.4,65.9,18.5,107.0,10.5,13.9,209.0,3.2,,8.8,4.7,29.8,172.9,76.5,155.5,5.0,15.1,20.7,18.3,,21.8,94.4,28.4,3.9,5.3,20.7,65.6,106.7,18.9,96.4,109.6,15.6,27.3,24.7,30.3,58.6,7.6,39.6,123.5,15.9,10.3,6.2,8.1,15.8,49.9,28.3,19.8,26.7,,27.7,81.4,126.0,92.6
2004,112.8,21.5,35.3,,6.3,175.5,13.5,17.1,25.1,,5.8,5.1,55.7,16.9,11.0,68.3,15.8,9.4,5.2,21.3,124.4,,61.2,59.8,9.0,73.7,26.5,15.5,9.5,14.2,159.1,131.7,28.6,70.8,131.1,6.1,,153.6,170.9,,9.3,26.3,22.2,87.2,141.8,93.4,11.5,129.4,7.0,7.6,,5.0,4.6,5.0,91.0,19.0,36.9,24.5,37.6,26.4,138.0,70.6,7.8,118.9,115.3,,23.0,3.9,4.8,,76.6,95.9,26.2,4.9,86.1,,4.9,,15.1,,44.4,141.8,151.5,42.3,91.9,31.4,,7.9,3.2,77.7,49.6,28.1,40.9,5.6,,5.8,4.6,19.2,3.9,23.9,33.2,80.8,64.3,35.0,6.0,33.8,12.0,41.0,90.8,11.1,15.8,115.0,139.7,24.4,,9.3,3.5,,88.3,119.7,8.3,26.9,163.3,7.0,41.4,77.7,15.8,23.8,36.1,21.2,4.6,44.9,11.4,43.7,138.6,79.5,73.8,38.8,62.7,5.5,,6.7,31.8,183.1,160.4,14.3,,4.2,13.2,98.5,26.4,23.5,66.3,30.7,28.2,34.9,7.8,5.0,,10.8,19.3,15.0,118.3,19.4,4.1,60.7,17.5,99.1,9.7,13.9,202.8,3.0,,8.5,4.4,29.5,172.9,77.8,147.5,4.9,28.9,19.8,18.4,,21.7,91.2,27.5,3.7,5.2,20.1,60.4,100.0,18.0,91.8,106.4,15.1,26.8,23.3,28.1,55.2,7.3,38.7,115.2,15.1,10.1,6.1,8.1,15.2,46.2,28.2,19.1,25.8,,26.9,77.2,115.8,92.9
2005,108.6,20.0,33.8,,6.0,166.2,12.9,16.6,23.9,,5.7,4.9,52.0,16.9,10.6,64.5,15.7,8.7,5.0,20.9,121.6,,57.6,56.3,8.9,71.3,24.8,15.4,9.5,13.3,152.8,124.7,28.0,64.8,127.9,6.1,,149.7,167.5,,9.1,24.0,21.5,84.7,136.9,86.5,11.3,125.7,6.7,7.4,,4.6,4.4,4.8,88.5,19.7,36.5,23.5,35.9,25.0,133.5,67.6,7.1,118.9,108.9,,23.3,3.7,4.6,,74.3,91.8,23.7,4.7,83.5,,4.6,,15.1,,42.7,137.2,145.2,41.4,89.5,30.0,,7.6,3.1,74.4,41.7,26.3,40.0,5.2,,5.6,4.5,18.9,3.7,23.2,31.1,76.0,64.5,33.0,5.6,30.8,11.8,39.3,86.8,10.5,14.8,116.5,129.6,23.1,,9.0,3.4,,84.7,110.4,8.2,21.5,157.8,6.9,41.1,72.5,15.6,22.9,36.0,19.8,4.5,41.0,10.5,41.5,132.3,76.9,70.3,38.4,59.4,5.3,,6.6,30.3,171.8,155.1,13.7,,4.1,12.7,96.5,25.9,22.9,65.0,29.9,26.5,34.2,7.6,4.6,,10.4,18.3,13.9,105.2,19.3,3.9,55.8,16.5,91.7,9.0,14.0,196.5,2.9,,8.2,4.2,29.2,172.8,79.2,140.1,4.7,14.1,19.1,18.5,,21.5,88.2,26.7,3.6,5.1,19.7,55.9,94.0,17.2,87.6,103.2,14.8,26.2,22.1,26.1,52.2,7.0,37.8,107.2,14.5,9.8,6.0,8.0,14.4,42.7,28.2,18.5,25.1,,26.1,73.1,106.7,93.7
2006,104.3,18.5,32.3,,5.6,156.8,12.3,16.1,22.7,,5.6,4.7,48.7,16.8,10.2,61.0,15.6,8.0,4.9,20.6,118.9,,54.1,53.1,8.6,68.8,23.2,15.3,9.5,12.4,146.0,117.5,27.8,59.8,124.6,6.0,,145.3,163.9,,9.0,22.0,20.9,82.4,132.2,80.0,11.2,122.1,6.4,7.2,,4.3,4.1,4.6,86.1,20.5,36.1,22.6,34.3,23.7,128.8,64.7,6.5,109.5,102.8,,23.6,3.6,4.5,,72.1,87.8,21.3,4.6,81.2,,4.3,,15.1,,41.0,133.3,138.9,40.5,87.3,28.8,,7.2,3.0,71.1,39.9,24.7,39.0,4.9,,5.3,4.3,18.7,3.6,22.6,29.0,71.6,64.8,32.4,5.2,28.2,11.6,37.6,82.9,9.9,13.9,116.8,121.0,21.7,,8.6,3.2,,81.3,103.9,8.1,19.3,152.5,6.9,40.7,68.0,15.5,22.1,36.0,18.8,4.4,37.4,9.7,39.3,126.5,74.3,65.3,38.3,56.3,5.1,,6.5,28.9,161.6,150.2,13.0,,3.9,12.4,94.6,25.4,22.3,63.6,29.2,24.9,33.6,7.3,4.4,,10.1,16.7,12.8,93.9,19.3,3.6,51.2,15.5,85.1,8.5,14.0,189.7,2.9,,7.9,4.0,28.8,172.3,78.9,133.2,4.5,13.4,18.5,18.6,,21.4,85.5,25.9,3.5,4.9,19.3,52.1,88.9,16.4,83.7,100.3,14.4,25.6,21.0,24.2,49.6,6.8,36.6,99.8,13.9,9.6,5.9,7.9,13.6,39.4,28.3,17.9,24.5,,25.2,69.3,98.9,95.6
2007,100.0,17.1,31.0,,5.4,147.1,11.7,15.7,21.6,,5.4,4.6,45.6,16.5,9.8,57.7,15.5,7.3,4.8,20.3,116.3,,50.9,50.0,8.3,68.6,21.8,15.3,9.5,11.8,139.3,110.3,27.8,55.3,121.3,6.0,,141.2,160.1,,8.9,20.1,20.2,79.9,127.5,74.2,11.1,118.3,6.1,6.9,,4.0,3.9,4.5,83.7,21.4,35.8,21.7,32.8,22.5,124.1,62.0,6.0,105.1,97.1,,23.8,3.5,4.4,,69.6,84.1,19.1,4.5,78.7,,4.1,,15.1,,39.4,129.8,132.6,39.7,85.2,27.7,,6.8,2.9,67.8,38.3,23.1,38.1,4.6,,5.1,4.2,18.4,3.5,21.9,26.9,67.6,65.2,32.2,4.8,25.8,11.4,35.8,79.0,9.3,13.1,113.7,114.0,20.2,,8.0,3.1,,78.2,99.1,8.1,17.6,147.6,6.8,40.3,64.2,15.2,21.3,35.9,18.2,4.3,34.1,8.9,37.2,119.3,71.6,61.0,38.2,53.4,4.9,,6.5,27.6,152.8,145.8,12.3,,3.7,12.2,92.9,24.9,21.7,62.3,28.4,23.4,33.1,7.0,4.2,,9.8,15.1,12.0,84.5,19.3,3.4,47.0,14.6,79.4,8.2,14.1,182.8,2.9,,7.7,3.8,28.3,170.2,74.6,126.7,4.4,12.6,18.1,18.9,,21.1,82.8,25.2,3.3,4.8,19.1,49.0,83.9,15.6,80.1,97.4,14.0,24.9,20.2,22.5,47.4,6.6,35.4,93.1,13.4,9.4,5.8,7.7,12.7,36.2,28.4,17.5,24.1,,24.4,65.7,93.3,96.2
2008,95.9,15.8,29.8,,5.1,137.5,11.2,15.4,20.5,,5.2,4.5,42.7,16.2,9.3,54.7,15.3,6.6,4.7,19.9,113.8,,47.8,47.1,7.9,68.8,20.6,15.0,9.5,11.4,133.1,103.5,27.6,51.4,117.8,5.9,,137.5,156.3,,8.9,18.5,19.6,77.5,123.0,69.3,10.9,114.4,5.9,6.7,,3.8,3.7,4.3,81.2,22.4,35.5,20.8,31.4,21.4,119.6,59.6,5.5,103.7,91.7,,23.8,3.3,4.4,,67.1,80.6,17.2,4.4,76.1,,4.0,,15.2,,37.8,126.9,126.3,38.8,83.3,26.6,,6.5,2.8,64.5,36.7,21.7,37.0,4.4,,4.9,4.1,18.1,3.4,21.3,24.7,62.7,65.4,31.8,4.5,23.8,11.2,33.8,75.3,8.8,12.4,111.3,108.2,18.8,,7.4,3.0,,75.4,93.4,8.1,16.1,142.9,6.8,39.9,61.2,14.8,20.5,35.6,17.7,4.2,31.2,8.1,35.1,113.2,98.7,55.4,38.3,50.7,4.7,,6.4,26.4,145.1,141.9,11.7,,3.6,12.0,91.0,24.3,21.1,60.9,27.6,22.1,32.6,6.7,4.0,,9.6,13.9,11.3,76.3,19.4,3.2,43.1,13.8,74.5,7.9,14.1,175.7,2.8,,7.4,3.6,27.8,166.6,68.3,120.4,4.2,12.0,17.8,19.1,,20.8,80.3,24.5,3.2,4.7,18.9,46.5,79.6,14.9,76.8,94.6,13.7,24.2,19.4,20.9,45.6,6.4,34.0,87.0,12.9,9.2,5.6,7.6,11.9,33.2,28.5,17.2,23.7,,23.6,62.6,88.5,94.7
2009,91.8,14.5,28.7,,4.8,128.5,10.6,15.0,19.5,,5.0,4.5,39.9,15.8,8.9,51.8,15.1,6.1,4.6,19.5,111.4,,45.0,44.4,7.5,65.9,19.6,14.8,9.6,11.1,127.2,97.0,27.2,47.5,114.5,5.8,,133.5,152.3,,8.8,17.1,19.0,75.1,118.8,65.4,10.7,110.2,5.7,6.5,,3.6,3.5,4.2,78.9,23.4,35.4,19.9,30.1,20.3,115.3,57.4,5.0,98.2,86.7,,23.8,3.2,4.3,,64.6,77.2,15.5,4.3,73.0,,3.9,,15.3,,36.3,124.3,120.1,38.1,81.4,25.6,,6.2,2.7,61.3,35.3,20.4,36.0,4.3,,4.7,4.1,17.7,3.3,20.7,22.5,58.7,65.1,31.0,4.3,21.9,11.0,31.7,71.7,8.3,11.8,101.6,103.6,17.6,,6.7,2.9,,72.9,88.1,8.1,14.9,138.4,6.8,39.6,58.6,14.6,19.8,35.1,17.3,4.1,28.6,7.4,33.1,107.5,66.1,52.1,38.1,48.2,4.6,,6.3,25.2,138.6,138.5,11.0,,3.4,11.9,89.2,23.7,20.5,59.4,26.8,20.9,32.2,6.3,3.9,,9.4,13.1,10.7,69.6,25.7,3.0,39.5,13.0,70.2,7.8,14.2,168.5,2.8,,7.2,3.4,27.1,162.2,59.9,114.7,4.0,20.9,17.6,19.4,,20.4,78.0,23.9,3.1,4.6,18.9,44.5,75.3,14.2,74.0,91.9,13.4,23.5,18.9,19.5,44.2,6.2,32.7,81.7,12.3,8.9,5.4,7.5,11.3,30.5,28.6,17.1,23.3,,22.8,60.2,83.3,91.3
2010,87.8,13.3,27.8,,4.6,120.0,10.1,14.5,18.5,,4.8,4.3,37.3,15.4,8.5,49.2,15.0,5.6,4.5,18.9,109.1,,42.4,41.9,7.2,62.6,18.6,14.5,9.7,10.8,121.9,91.0,26.5,43.9,110.2,5.7,,129.8,148.4,,8.7,15.8,18.4,72.7,114.6,62.4,10.5,106.4,5.5,6.4,,3.5,3.4,4.1,76.5,24.6,35.2,19.0,28.8,19.3,111.3,55.2,4.6,88.3,82.1,,23.7,3.0,4.2,,61.8,74.0,14.1,4.2,69.8,,3.9,,15.4,,34.8,121.9,114.4,37.4,130.1,24.7,,6.0,2.7,58.1,33.9,19.3,34.9,4.2,,4.6,4.0,17.3,3.2,20.1,20.4,56.1,64.5,29.5,4.1,20.2,10.7,29.6,68.3,7.8,11.2,93.0,99.9,16.6,,6.0,2.8,,70.9,83.0,8.1,13.9,134.1,6.8,39.1,56.7,14.6,19.2,34.5,17.1,4.0,26.3,6.7,31.3,104.8,63.4,49.4,37.6,45.9,4.4,,6.2,24.1,133.3,135.7,10.4,,3.3,11.7,87.2,23.1,19.8,58.0,26.0,19.9,31.8,6.0,3.8,,9.2,12.4,10.4,63.8,19.4,2.9,36.3,12.3,66.4,7.6,14.3,161.4,2.8,,7.0,3.2,26.4,157.5,51.6,109.1,3.8,11.2,17.5,19.7,,19.8,75.9,23.3,3.1,4.6,18.9,42.9,71.7,13.6,71.4,89.1,13.2,22.9,18.4,18.1,43.2,6.0,31.3,76.4,11.7,8.7,5.2,7.3,10.8,28.0,28.6,17.1,23.0,,22.1,58.9,78.7,86.1
2011,84.0,12.2,27.1,,4.3,112.2,9.5,13.9,17.6,,4.5,4.2,34.8,15.1,8.1,46.7,14.9,5.2,4.4,18.4,106.9,,40.1,39.5,6.9,61.2,17.9,14.2,9.8,10.4,117.2,85.6,25.5,40.6,105.9,5.7,,126.4,144.5,,8.5,14.6,17.8,70.3,110.7,60.1,10.2,103.2,5.3,6.2,,3.3,3.3,4.1,74.3,25.8,35.2,18.1,27.6,18.4,107.5,53.3,4.2,76.5,77.7,,23.7,2.9,4.2,,59.3,70.8,13.0,4.1,66.5,,3.9,,15.6,,33.4,119.8,109.0,36.6,77.6,23.8,,5.9,2.6,55.0,32.5,18.4,33.8,4.1,,4.4,3.9,16.8,3.2,19.6,18.3,53.9,63.3,27.7,4.0,18.8,10.3,27.7,65.0,7.2,10.8,89.4,96.8,19.5,,5.5,2.8,,69.2,76.9,8.1,12.9,130.0,6.8,38.7,54.9,14.8,18.5,33.7,16.8,3.9,24.4,6.1,29.5,100.6,60.8,49.2,36.9,43.6,4.3,,6.1,23.0,129.1,133.4,10.0,,3.1,11.6,85.1,22.4,19.2,56.6,25.2,19.0,31.4,5.7,3.7,,8.9,11.8,10.2,58.6,19.3,2.7,33.3,11.5,62.9,7.4,14.3,154.5,2.8,,6.8,3.1,25.6,152.7,45.5,104.5,3.7,10.8,17.4,20.1,,19.3,73.8,22.7,3.0,4.5,20.2,41.6,68.2,13.0,69.2,86.4,12.9,22.2,18.0,16.9,42.6,5.8,30.1,71.6,11.2,8.4,5.0,7.2,10.4,25.8,28.7,17.2,22.8,,21.3,58.7,76.5,80.6
2012,80.3,11.2,26.5,,4.1,104.9,9.0,13.3,16.8,,4.3,4.0,32.5,14.7,7.9,44.4,14.7,4.9,4.3,17.7,104.6,,38.0,37.3,6.7,55.2,17.2,13.8,10.0,9.8,112.9,80.5,24.2,37.8,101.5,5.6,,123.3,140.6,,8.4,13.5,17.2,68.0,106.8,58.2,9.9,100.1,5.2,6.0,,3.1,3.2,4.1,72.2,27.2,35.1,17.3,26.4,17.5,103.6,51.5,3.9,70.4,73.6,,23.6,2.8,4.1,,56.8,68.0,12.1,4.0,63.4,,4.0,,15.7,,32.1,117.7,103.9,35.9,75.8,22.9,,5.7,2.6,52.0,31.2,17.5,32.8,4.0,,4.3,3.8,16.3,3.0,19.0,16.3,52.2,62.1,25.7,3.8,17.5,10.0,26.1,62.0,6.6,10.3,86.9,94.2,15.0,,5.2,2.8,,68.0,70.5,8.1,12.1,126.1,6.8,38.0,53.4,14.9,17.9,33.0,16.6,3.8,22.8,5.5,27.9,96.4,58.2,50.3,36.0,41.5,4.2,,6.0,21.9,126.0,131.4,10.1,,3.0,11.5,83.0,21.8,18.6,55.2,24.4,18.3,31.0,5.4,3.7,,8.7,11.2,9.9,55.2,19.1,2.6,30.5,10.9,59.8,7.1,14.4,148.0,2.8,,6.7,2.9,24.9,148.1,41.5,101.0,3.6,10.4,17.4,20.5,,18.6,71.9,22.1,3.0,4.4,37.1,40.4,65.2,12.4,67.2,83.7,12.8,21.5,17.7,15.8,42.2,5.7,29.0,66.7,10.6,8.2,4.8,7.1,10.0,23.8,28.6,17.3,22.6,,20.6,58.9,74.5,72.1
2013,76.8,10.5,26.1,,3.9,98.3,8.6,12.7,15.9,,4.1,3.9,30.3,14.4,7.7,42.1,14.6,4.6,4.2,16.9,102.3,,36.3,35.2,6.5,50.3,16.7,13.4,10.2,9.2,108.7,75.7,22.8,35.3,96.9,5.5,,121.1,136.9,,8.3,12.5,16.7,65.8,103.3,56.4,9.6,96.9,5.1,5.9,,3.0,3.2,4.1,69.9,28.5,35.1,16.6,25.3,16.7,100.2,49.8,3.6,67.9,69.6,,23.8,2.7,4.1,,54.2,65.2,11.4,4.0,60.5,,4.2,,15.9,,30.8,115.7,99.4,35.0,73.9,22.1,,5.6,2.6,49.1,30.0,16.8,31.7,3.9,,4.1,3.7,15.9,2.9,18.5,14.6,50.1,60.7,24.0,3.7,16.3,9.6,24.7,59.0,6.1,10.0,85.1,92.0,14.4,,5.1,2.8,,67.0,64.5,8.1,11.3,122.5,6.7,37.3,51.9,14.9,17.3,32.0,16.3,3.7,21.5,5.0,26.4,92.1,55.9,48.1,35.1,39.4,4.1,,5.8,20.8,123.4,129.6,10.6,,2.9,11.4,80.7,21.1,18.0,53.8,23.6,17.6,30.6,5.2,3.7,,8.4,10.6,9.5,52.2,19.0,2.4,27.8,10.2,56.7,6.8,14.4,141.9,2.8,,6.5,2.8,24.1,143.4,39.6,99.2,3.5,9.9,17.3,21.0,,18.0,69.9,21.6,2.9,4.4,45.4,39.4,62.5,11.8,65.3,81.1,12.6,20.8,17.5,14.7,42.1,5.6,28.0,62.5,10.2,8.0,4.6,7.0,9.7,22.1,28.3,17.6,22.3,,19.8,58.5,72.0,66.2
2014,73.4,9.9,25.7,,3.7,92.9,8.1,12.2,15.1,,4.0,3.8,28.3,14.1,7.5,40.0,14.4,4.3,4.1,16.1,100.1,,34.7,33.3,6.4,48.2,16.3,13.1,10.4,8.7,104.7,71.6,21.3,33.4,92.5,5.4,,118.6,133.3,,8.1,11.6,16.1,63.5,99.7,54.6,9.3,93.5,5.0,5.8,,2.9,3.1,4.1,67.8,29.9,35.1,16.0,24.3,16.0,96.8,48.1,3.4,67.9,65.9,,24.1,2.6,4.1,,52.2,62.6,10.9,4.0,57.8,,4.3,,16.1,,29.5,114.5,95.5,34.1,72.0,21.3,,5.4,2.6,46.2,28.8,16.1,30.8,3.8,,4.0,3.6,15.4,2.8,18.0,13.0,48.1,59.1,22.4,3.6,15.3,9.3,23.4,56.2,5.5,9.7,84.0,92.2,13.8,,5.0,2.8,,66.4,59.8,8.1,10.5,119.0,6.7,36.4,50.5,14.8,16.8,31.1,16.0,3.6,20.4,4.5,24.9,88.3,53.8,45.5,34.2,37.4,4.1,,5.7,19.8,121.6,128.0,11.2,,2.8,11.3,78.4,20.4,17.5,52.5,22.9,17.1,30.2,5.0,3.6,,8.1,9.9,8.9,49.8,18.8,2.3,25.4,9.6,53.8,6.6,14.5,140.0,2.7,,6.4,2.7,23.5,138.9,38.3,98.7,3.4,9.3,17.2,21.4,,17.4,68.0,21.0,2.9,4.3,47.3,38.4,59.8,11.3,63.5,78.5,12.5,20.2,17.3,13.8,42.2,5.4,27.1,59.1,9.8,7.8,4.5,6.9,9.3,20.5,27.8,18.0,22.1,,21.3,58.8,69.5,62.6
2015,70.2,9.6,25.3,,3.5,88.3,7.7,11.6,14.4,,3.9,3.7,26.3,13.9,7.4,38.0,14.1,4.1,4.1,15.3,97.9,,33.2,31.6,6.3,45.4,15.9,12.7,10.6,8.1,101.1,67.9,19.7,31.7,88.1,5.4,,115.5,129.5,,8.0,10.7,15.6,61.2,96.5,52.8,9.1,90.5,4.9,5.7,,2.8,3.2,4.1,65.6,31.2,35.1,15.4,23.4,15.4,93.7,46.4,3.1,64.4,62.4,,24.5,2.5,4.2,,50.4,60.1,10.5,3.9,55.4,,4.4,,16.2,,28.4,112.6,91.8,33.1,70.1,20.5,,5.1,2.6,43.6,27.7,15.5,29.8,3.7,,3.9,3.5,15.0,2.8,17.5,11.9,45.9,57.5,21.1,3.5,14.4,9.1,22.3,53.7,5.1,9.4,82.5,88.3,13.3,,4.9,2.8,,66.0,56.6,8.2,9.8,115.6,6.6,35.5,48.9,14.6,16.2,30.2,15.8,3.5,19.4,4.1,23.6,84.0,51.8,46.2,33.3,35.5,4.1,,5.5,18.8,120.2,126.4,11.4,,2.7,11.2,76.2,19.7,16.9,51.1,22.2,16.5,29.8,4.9,3.7,,7.8,9.2,8.2,47.7,18.6,2.2,23.3,9.1,51.0,6.3,14.5,141.0,2.7,,6.2,2.6,22.8,134.5,37.3,98.7,3.3,8.8,16.9,21.9,,16.8,66.0,20.5,2.9,4.3,41.8,37.4,58.0,10.8,61.6,75.9,12.4,19.6,17.2,13.0,42.4,5.3,26.1,56.0,9.4,7.6,4.5,6.8,8.9,19.2,27.3,19.1,21.9,,18.4,60.8,68.2,60.5
2016,67.2,9.4,24.9,,3.4,84.4,7.4,11.0,13.7,,3.8,3.6,24.5,13.8,7.3,36.0,13.8,3.9,4.1,14.5,95.6,,31.9,30.2,6.2,43.5,16.7,12.3,10.8,7.7,97.7,64.6,18.3,30.3,84.3,5.3,,112.7,125.8,,7.8,9.9,15.1,59.0,93.4,51.0,8.9,88.0,4.9,5.5,,2.7,3.2,4.0,63.8,32.5,35.1,14.8,22.6,14.8,90.6,44.9,2.9,61.8,59.0,,25.0,2.4,4.2,,48.4,57.7,10.2,3.9,53.1,,4.4,,16.3,,27.3,110.1,88.6,32.2,68.2,19.8,,4.7,2.7,41.0,26.6,15.0,28.8,3.6,,3.8,3.4,14.6,2.7,17.0,11.0,43.8,56.1,20.0,3.4,13.5,9.0,21.1,51.5,4.7,9.2,77.8,86.3,12.8,,4.7,2.8,,65.8,53.5,8.2,9.0,112.4,6.5,34.6,47.4,14.6,15.7,29.2,15.5,3.4,18.5,3.7,22.4,80.8,49.9,45.5,32.4,33.7,4.0,,5.3,17.8,119.1,124.7,10.9,,2.6,11.1,73.9,19.1,16.4,49.7,21.4,16.1,29.3,4.8,3.7,,7.4,8.5,7.5,46.1,18.4,2.1,21.4,8.6,48.4,6.1,14.6,126.1,2.7,,6.1,2.5,22.1,130.3,36.6,98.7,3.3,8.3,16.6,22.5,,16.2,64.1,19.9,2.8,4.2,39.8,36.5,55.8,10.3,59.7,73.5,12.2,19.0,17.1,12.2,42.8,5.2,25.3,52.7,9.2,7.4,4.4,6.7,8.4,18.0,26.7,24.2,21.7,,17.7,60.5,65.3,57.9
2017,64.6,9.3,24.5,,3.2,81.1,7.1,10.3,13.0,,3.8,3.6,22.9,13.6,7.3,34.1,13.4,3.6,4.1,13.7,93.4,,30.6,28.9,6.1,39.9,15.4,11.9,11.0,7.3,94.5,61.7,17.0,28.9,80.8,5.3,,110.9,121.9,,7.6,9.2,14.6,56.9,90.3,49.3,8.7,85.6,4.8,5.4,,2.7,3.2,4.0,61.9,33.6,35.1,14.4,21.8,14.3,87.6,43.4,2.7,63.2,56.0,,25.6,2.4,4.3,,46.6,55.5,10.0,3.9,51.0,,4.3,,16.4,,26.3,108.3,85.5,31.3,66.3,19.1,,4.5,2.7,38.7,25.6,14.5,27.9,3.5,,3.8,3.3,14.1,2.6,16.5,10.5,42.4,54.4,19.0,3.3,12.6,8.9,20.0,49.4,4.4,9.0,75.5,84.5,12.3,,4.4,2.8,,65.7,50.7,8.1,8.3,109.3,6.4,33.6,46.0,14.9,15.2,28.2,15.3,3.3,17.6,3.3,21.3,78.4,48.1,44.4,31.4,32.1,4.0,,5.2,16.8,118.4,122.4,9.6,,2.5,11.0,71.8,18.5,15.9,48.3,20.8,15.7,28.7,4.7,3.6,,6.9,7.9,6.9,44.6,18.2,2.0,19.7,8.1,45.9,5.9,14.6,121.4,2.6,,6.0,2.4,21.4,126.1,35.8,98.7,3.2,7.9,16.3,23.0,,15.7,62.1,19.4,2.8,4.1,23.9,35.5,53.9,9.9,57.7,71.2,12.1,18.5,17.1,11.4,43.2,5.0,24.3,50.2,8.9,7.2,4.4,6.6,7.9,17.0,26.0,24.2,21.5,,17.1,60.3,64.2,56.2
2018,62.2,9.3,24.0,,3.1,78.0,6.8,9.5,12.4,,3.8,3.6,21.5,13.5,7.2,32.2,13.0,3.4,4.1,13.0,91.1,,29.6,27.7,6.0,39.0,15.2,11.5,11.2,7.0,91.3,59.1,15.9,27.8,77.7,5.2,,108.8,118.0,,7.4,8.6,14.1,54.9,87.2,47.7,8.4,82.8,4.8,5.3,,2.8,3.1,3.9,59.9,34.5,34.8,13.9,21.0,13.8,84.7,41.9,2.5,59.6,53.2,,26.3,2.3,4.3,,44.9,53.4,9.8,3.8,49.1,,4.2,,16.5,,25.4,106.2,82.4,30.3,64.4,18.4,,4.2,2.7,36.4,24.6,14.0,27.0,3.4,,3.7,3.2,13.7,2.5,16.0,10.3,40.8,52.9,18.2,3.2,11.9,8.8,19.0,47.5,4.2,8.8,76.4,82.6,11.9,,4.1,2.8,,65.8,47.8,8.0,7.6,106.2,6.3,32.7,44.6,15.4,14.7,27.3,15.0,3.2,16.8,3.0,20.4,76.3,46.4,43.6,30.5,30.6,4.0,,5.0,15.8,117.7,119.6,8.1,,2.4,10.8,69.6,17.9,15.4,46.9,20.0,15.3,28.0,4.5,3.6,,6.5,7.4,6.3,43.4,17.9,1.9,18.3,7.7,43.7,5.8,14.5,116.8,2.5,,5.9,2.4,20.7,122.5,35.1,98.7,3.2,7.6,15.9,23.6,,15.2,60.3,18.8,2.7,4.1,23.8,34.5,51.9,9.4,55.8,68.8,11.9,17.9,17.0,10.7,43.2,4.9,23.6,47.7,8.7,7.0,4.4,6.5,7.3,16.2,25.3,24.2,21.3,,16.5,61.7,64.2,53.7
2019,59.9,9.4,23.5,,3.0,75.0,6.6,8.6,11.8,,3.8,3.6,20.4,23.4,7.1,30.4,12.7,3.1,4.1,12.3,88.6,,28.5,26.6,5.9,37.7,14.9,11.2,11.4,6.7,88.2,56.7,15.0,26.8,75.1,5.2,,105.9,114.3,,7.1,8.0,13.7,53.1,84.4,52.4,8.2,79.7,4.7,5.2,,2.8,3.0,3.8,57.9,35.2,34.3,13.4,20.3,13.3,81.9,40.6,2.3,56.9,50.9,,26.9,2.3,4.3,,43.2,51.5,9.7,3.7,47.2,,4.0,,16.5,,24.6,104.0,79.5,29.4,62.5,17.8,,4.1,2.7,34.3,23.8,13.5,26.2,3.3,,3.5,3.0,13.2,2.5,15.5,10.2,39.4,51.4,17.3,3.1,11.2,8.8,18.3,45.8,4.0,8.7,77.2,80.6,11.5,,3.8,2.8,,66.1,45.6,7.9,7.0,103.1,6.1,31.8,43.2,15.9,14.2,26.4,14.7,3.1,16.0,2.7,19.5,73.5,44.8,41.9,29.6,29.3,4.0,,4.9,14.9,117.0,116.8,6.8,,2.4,10.6,67.5,17.4,14.8,45.5,19.4,14.9,27.3,4.4,3.4,,6.1,7.0,5.8,42.1,17.5,1.9,17.1,7.3,41.8,5.7,14.4,112.5,2.4,,5.8,2.3,20.0,118.6,34.3,98.7,3.2,7.3,15.4,24.1,,14.6,58.4,18.3,2.6,4.0,22.6,33.5,50.4,9.0,53.9,66.6,11.7,17.4,16.9,10.1,42.8,4.8,22.7,45.6,8.5,6.8,4.3,6.4,6.8,15.4,24.7,24.2,21.1,,15.9,61.6,62.6,52.7
2020,57.8,9.4,22.9,,2.8,72.1,6.4,7.7,11.3,,3.7,3.6,19.4,13.3,7.0,28.8,12.3,2.9,4.1,11.7,86.0,,27.5,25.6,5.7,36.3,14.7,10.9,11.5,6.5,85.4,54.6,14.2,25.8,72.4,5.1,,103.0,110.5,,6.9,7.4,13.3,51.3,81.7,44.5,7.9,77.3,4.7,5.1,,2.8,2.9,3.7,56.0,35.6,33.7,12.9,19.6,12.8,79.3,39.3,2.1,56.2,48.7,,27.5,2.2,4.4,,41.0,49.6,9.6,3.6,45.5,,3.9,,16.4,,23.8,101.6,77.0,28.5,60.5,17.1,,4.0,2.7,32.4,22.9,13.0,25.4,3.2,,3.4,2.8,12.8,2.4,15.0,10.2,38.6,49.8,16.5,3.0,10.5,8.8,17.8,44.1,3.8,8.5,75.5,78.3,11.1,,3.5,2.8,,66.1,43.5,7.7,6.4,100.1,6.0,30.7,41.8,16.3,13.7,25.6,14.5,3.0,15.4,2.5,18.7,71.6,43.2,40.3,28.6,28.2,4.1,,4.8,14.0,116.3,113.8,5.9,,2.3,10.4,65.5,16.8,14.4,44.2,18.7,14.5,26.5,4.4,3.3,,5.7,6.7,5.4,40.7,17.1,1.8,16.2,7.0,40.1,5.6,14.2,108.5,2.2,,5.7,2.2,19.4,114.9,33.7,98.7,3.1,7.0,15.0,24.5,,14.2,56.6,17.7,2.5,3.9,22.8,32.5,49.0,8.6,52.2,64.6,11.4,16.8,16.6,9.5,42.2,4.6,21.9,43.7,8.4,6.6,4.3,6.3,6.3,14.7,24.0,24.2,20.9,,15.3,59.7,59.7,51.8
2021,55.7,9.5,22.3,,2.8,69.4,6.1,6.9,10.7,,3.7,3.7,18.6,13.2,6.9,27.3,11.9,2.7,4.1,11.2,83.5,,26.7,24.7,5.6,34.9,14.4,10.5,11.5,6.3,82.6,52.6,13.5,24.8,69.8,5.0,,99.9,107.1,,6.6,6.9,12.8,49.7,79.0,43.0,7.6,74.8,4.6,5.0,,2.8,2.8,3.6,54.1,35.9,33.0,12.5,19.0,12.4,76.8,38.1,2.0,52.6,46.8,,27.7,2.2,4.4,,39.7,47.9,9.5,3.6,44.0,,3.7,,16.2,,23.0,98.7,74.3,27.7,58.6,16.6,,4.0,2.6,30.6,22.2,12.6,24.5,3.1,,3.4,2.6,12.4,2.3,14.6,10.3,37.2,48.2,15.4,2.9,10.0,8.7,17.4,42.5,3.7,8.2,72.9,76.0,10.8,,3.3,2.7,,66.0,41.9,7.6,6.0,97.1,5.8,29.7,40.5,16.6,13.2,24.9,14.2,2.9,14.7,2.3,18.0,69.6,41.8,39.0,27.6,27.2,4.1,,4.7,13.3,115.2,110.8,5.3,,2.2,10.1,63.3,16.2,13.9,42.8,18.2,14.1,25.7,4.3,3.1,,5.3,6.4,5.1,39.4,16.7,1.7,15.4,6.7,38.6,5.5,13.9,104.7,2.1,,5.6,2.2,18.8,111.8,32.8,98.7,3.0,6.7,14.6,24.8,,13.7,54.9,17.2,2.5,3.8,22.3,31.4,47.1,8.3,50.5,62.6,11.1,16.3,16.3,9.0,41.4,4.5,21.3,42.1,8.2,6.4,4.2,6.2,5.8,14.1,23.2,24.2,20.6,,14.8,61.9,57.7,49.5
